CRS_DEP_TIME,CARRIER,DEP_TIME,DEST,DISTANCE,FL_DATE,FL_NUM,ORIGIN,Weather,DAY_WEEK,DAY_OF_MONTH,TAIL_NUM,Flight Status
1455,OH,1455,JFK,184,37987,5935,BWI,0,4,1,N940CA,ontime
1640,DH,1640,JFK,213,37987,6155,DCA,0,4,1,N405FJ,ontime
1245,DH,1245,LGA,229,37987,7208,IAD,0,4,1,N695BR,ontime
1715,DH,1709,LGA,229,37987,7215,IAD,0,4,1,N662BR,ontime
1039,DH,1035,LGA,229,37987,7792,IAD,0,4,1,N698BR,ontime
840,DH,839,JFK,228,37987,7800,IAD,0,4,1,N687BR,ontime
1240,DH,1243,JFK,228,37987,7806,IAD,0,4,1,N321UE,ontime
1645,DH,1644,JFK,228,37987,7810,IAD,0,4,1,N301UE,ontime
1715,DH,1710,JFK,228,37987,7812,IAD,0,4,1,N328UE,ontime
2120,DH,2129,JFK,228,37987,7814,IAD,0,4,1,N685BR,ontime
2120,DH,2114,LGA,229,37987,7924,IAD,0,4,1,N645BR,ontime
1455,DL,1458,JFK,213,37987,746,DCA,0,4,1,N918DE,ontime
930,DL,932,LGA,214,37987,1746,DCA,0,4,1,N242DL,ontime
1230,DL,1228,LGA,214,37987,1752,DCA,0,4,1,N241DL,ontime
1430,DL,1429,LGA,214,37987,1756,DCA,0,4,1,N242DL,ontime
1730,DL,1728,LGA,214,37987,1762,DCA,0,4,1,N241DL,ontime
2030,DL,2029,LGA,214,37987,1768,DCA,0,4,1,N242DL,ontime
1530,MQ,1525,JFK,213,37987,4752,DCA,0,4,1,N709MQ,ontime
600,MQ,556,JFK,213,37987,4760,DCA,0,4,1,N717MQ,ontime
1830,MQ,1822,JFK,213,37987,4784,DCA,0,4,1,N707MQ,ontime
900,MQ,853,LGA,214,37987,4956,DCA,0,4,1,N737MQ,ontime
1300,MQ,1254,LGA,214,37987,4964,DCA,0,4,1,N717MQ,ontime
1400,MQ,1356,LGA,214,37987,4966,DCA,0,4,1,N726MQ,ontime
1500,MQ,1452,LGA,214,37987,4968,DCA,0,4,1,N724MQ,ontime
1900,MQ,1853,LGA,214,37987,4976,DCA,0,4,1,N724MQ,ontime
850,UA,841,LGA,229,37987,846,IAD,0,4,1,N513UA,ontime
900,US,858,LGA,214,37987,2164,DCA,0,4,1,N709UW,ontime
1100,US,1056,LGA,214,37987,2168,DCA,0,4,1,N748UW,ontime
1300,US,1253,LGA,214,37987,2172,DCA,0,4,1,N709UW,ontime
1500,US,1458,LGA,214,37987,2176,DCA,0,4,1,N748UW,ontime
1700,US,1655,LGA,214,37987,2180,DCA,0,4,1,N709UW,ontime
2100,US,2055,LGA,214,37987,2188,DCA,0,4,1,N709UW,ontime
1455,RU,1452,EWR,169,37987,2403,BWI,0,4,1,N14916,ontime
1720,RU,1710,EWR,169,37987,2675,BWI,0,4,1,N16954,ontime
1030,RU,1030,EWR,169,37987,2303,BWI,0,4,1,N26549,ontime
700,RU,656,EWR,169,37987,2703,BWI,0,4,1,N16954,ontime
1300,CO,1256,EWR,199,37987,808,DCA,0,4,1,N18611,ontime
1730,CO,1726,EWR,199,37987,814,DCA,0,4,1,N19357,ontime
840,DH,840,EWR,213,37987,7299,IAD,0,4,1,N691BR,ontime
1710,DH,1704,EWR,213,37987,7302,IAD,0,4,1,N691BR,ontime
1245,DH,1245,EWR,213,37987,7303,IAD,0,4,1,N697BR,ontime
2120,DH,2118,EWR,213,37987,7304,IAD,0,4,1,N699BR,ontime
1700,RU,1651,EWR,213,37987,2497,IAD,0,4,1,N12540,ontime
1900,RU,1850,EWR,213,37987,2385,IAD,0,4,1,N16149,ontime
1525,RU,1521,EWR,199,37987,2261,DCA,0,4,1,N12564,ontime
1900,RU,1855,EWR,199,37987,2336,DCA,0,4,1,N21537,ontime
1400,RU,1357,EWR,199,37987,2216,DCA,0,4,1,N15983,ontime
1515,RU,1508,EWR,213,37987,2156,IAD,0,4,1,N16149,ontime
1300,RU,1255,EWR,213,37987,2664,IAD,0,4,1,N12519,ontime
1630,RU,1625,EWR,199,37987,2181,DCA,0,4,1,N19966,ontime
1455,OH,1455,JFK,184,37988,5935,BWI,0,5,2,N995CA,ontime
1640,DH,1641,JFK,213,37988,6155,DCA,0,5,2,N415FJ,ontime
1245,DH,1249,LGA,229,37988,7208,IAD,0,5,2,N688BR,ontime
1455,DH,1531,LGA,229,37988,7211,IAD,0,5,2,N665BR,delayed
1715,DH,1712,LGA,229,37988,7215,IAD,0,5,2,N639BR,ontime
640,DH,645,LGA,229,37988,7790,IAD,0,5,2,N686BR,ontime
1039,DH,1236,LGA,229,37988,7792,IAD,0,5,2,N665BR,delayed
840,DH,859,JFK,228,37988,7800,IAD,0,5,2,N645BR,ontime
1240,DH,1232,JFK,228,37988,7806,IAD,0,5,2,N332UE,ontime
1455,DH,1455,JFK,228,37988,7808,IAD,0,5,2,N324UE,ontime
1645,DH,1645,JFK,228,37988,7810,IAD,0,5,2,N305UE,ontime
1715,DH,1716,JFK,228,37988,7812,IAD,0,5,2,N322UE,ontime
2120,DH,2305,JFK,228,37988,7814,IAD,0,5,2,N657BR,delayed
1610,DH,1605,JFK,228,37988,7816,IAD,0,5,2,N315UE,ontime
2120,DH,2118,LGA,229,37988,7924,IAD,0,5,2,N709BR,ontime
1455,DL,1458,JFK,213,37988,746,DCA,0,5,2,N964DL,ontime
930,DL,930,LGA,214,37988,1746,DCA,0,5,2,N241DL,ontime
1230,DL,1230,LGA,214,37988,1752,DCA,0,5,2,N225DL,ontime
1430,DL,1427,LGA,214,37988,1756,DCA,0,5,2,N241DL,ontime
1730,DL,1730,LGA,214,37988,1762,DCA,0,5,2,N225DL,ontime
2030,DL,2028,LGA,214,37988,1768,DCA,0,5,2,N241DL,ontime
1530,MQ,1522,JFK,213,37988,4752,DCA,0,5,2,N720MQ,ontime
600,MQ,552,JFK,213,37988,4760,DCA,0,5,2,N736MQ,ontime
1830,MQ,1847,JFK,213,37988,4784,DCA,0,5,2,N727MQ,ontime
900,MQ,852,LGA,214,37988,4956,DCA,0,5,2,N713MQ,ontime
1100,MQ,1053,LGA,214,37988,4960,DCA,0,5,2,N708MQ,ontime
1300,MQ,1258,LGA,214,37988,4964,DCA,0,5,2,N713MQ,ontime
1400,MQ,1402,LGA,214,37988,4966,DCA,0,5,2,N718MQ,ontime
1500,MQ,1456,LGA,214,37988,4968,DCA,0,5,2,N708MQ,ontime
850,UA,850,LGA,229,37988,846,IAD,0,5,2,N556UA,ontime
700,US,657,LGA,214,37988,2160,DCA,0,5,2,N710UW,ontime
900,US,857,LGA,214,37988,2164,DCA,0,5,2,N736UW,ontime
1100,US,1058,LGA,214,37988,2168,DCA,0,5,2,N710UW,ontime
1300,US,1258,LGA,214,37988,2172,DCA,0,5,2,N736UW,ontime
1500,US,1458,LGA,214,37988,2176,DCA,0,5,2,N710UW,ontime
1700,US,1655,LGA,214,37988,2180,DCA,0,5,2,N736UW,ontime
1900,US,1855,LGA,214,37988,2184,DCA,0,5,2,N710UW,ontime
2100,US,2056,LGA,214,37988,2188,DCA,0,5,2,N736UW,ontime
1720,RU,1715,EWR,169,37988,2675,BWI,0,5,2,N19966,ontime
1030,RU,1030,EWR,169,37988,2303,BWI,0,5,2,N12540,ontime
700,RU,656,EWR,169,37988,2703,BWI,0,5,2,N16961,ontime
1455,RU,1456,EWR,169,37988,2403,BWI,0,5,2,N12946,ontime
1730,CO,1727,EWR,199,37988,814,DCA,0,5,2,N14342,ontime
1300,CO,1301,EWR,199,37988,808,DCA,0,5,2,N14664,ontime
759,CO,754,EWR,199,37988,806,DCA,0,5,2,N11641,ontime
840,DH,837,EWR,213,37988,7299,IAD,0,5,2,N679BR,ontime
1245,DH,1350,EWR,213,37988,7303,IAD,0,5,2,N686BR,delayed
1430,DH,1512,EWR,213,37988,7307,IAD,0,5,2,N309UE,delayed
630,DH,629,EWR,213,37988,7371,IAD,0,5,2,N312UE,ontime
1630,RU,1625,EWR,199,37988,2181,DCA,0,5,2,N14977,ontime
700,RU,655,EWR,213,37988,2855,IAD,0,5,2,N13990,ontime
900,RU,858,EWR,199,37988,2582,DCA,0,5,2,N14907,ontime
700,RU,657,EWR,199,37988,2761,DCA,0,5,2,N13997,ontime
1700,RU,1650,EWR,213,37988,2497,IAD,0,5,2,N12528,ontime
1900,RU,1856,EWR,213,37988,2385,IAD,0,5,2,N11107,ontime
1300,RU,1253,EWR,213,37988,2692,IAD,0,5,2,N14505,ontime
900,RU,854,EWR,213,37988,3276,IAD,0,5,2,N16151,ontime
1900,RU,1858,EWR,199,37988,2336,DCA,0,5,2,N15985,ontime
2100,RU,2050,EWR,199,37988,2879,DCA,0,5,2,N17108,ontime
1400,RU,1358,EWR,199,37988,2216,DCA,0,5,2,N13118,ontime
1515,RU,1510,EWR,213,37988,2156,IAD,0,5,2,N11107,delayed
1525,RU,1519,EWR,199,37988,2261,DCA,0,5,2,N15574,ontime
1245,DH,1243,LGA,229,37989,7208,IAD,0,6,3,N688BR,ontime
1715,DH,1738,LGA,229,37989,7215,IAD,0,6,3,N639BR,ontime
640,DH,640,LGA,229,37989,7790,IAD,0,6,3,N696BR,ontime
1039,DH,1030,LGA,229,37989,7792,IAD,0,6,3,N696BR,ontime
840,DH,855,JFK,228,37989,7800,IAD,0,6,3,N709BR,ontime
1240,DH,1237,JFK,228,37989,7806,IAD,0,6,3,N327UE,ontime
1455,DH,1455,JFK,228,37989,7808,IAD,0,6,3,N309UE,ontime
1645,DH,1654,JFK,228,37989,7810,IAD,0,6,3,N311UE,ontime
1715,DH,1741,JFK,228,37989,7812,IAD,0,6,3,N327UE,ontime
2120,DH,2213,JFK,228,37989,7814,IAD,0,6,3,N655BR,delayed
1610,DH,1604,JFK,228,37989,7816,IAD,0,6,3,N329UE,ontime
2120,DH,2138,LGA,229,37989,7924,IAD,0,6,3,N688BR,ontime
1455,DL,1505,JFK,213,37989,746,DCA,0,6,3,N997DL,delayed
830,DL,828,LGA,214,37989,1744,DCA,0,6,3,N225DL,ontime
1030,DL,1030,LGA,214,37989,1748,DCA,0,6,3,N242DL,ontime
1230,DL,1230,LGA,214,37989,1752,DCA,0,6,3,N225DL,ontime
1430,DL,1428,LGA,214,37989,1756,DCA,0,6,3,N242DL,ontime
1630,DL,1629,LGA,214,37989,1760,DCA,0,6,3,N225DL,ontime
1830,DL,1829,LGA,214,37989,1764,DCA,0,6,3,N242DL,ontime
2030,DL,2024,LGA,214,37989,1768,DCA,0,6,3,N225DL,ontime
1530,MQ,1600,JFK,213,37989,4752,DCA,0,6,3,N734MQ,delayed
600,MQ,555,JFK,213,37989,4760,DCA,0,6,3,N712MQ,ontime
1830,MQ,1829,JFK,213,37989,4784,DCA,0,6,3,N709MQ,ontime
900,MQ,855,LGA,214,37989,4956,DCA,0,6,3,N739MQ,ontime
1300,MQ,1254,LGA,214,37989,4964,DCA,0,6,3,N739MQ,ontime
850,UA,849,LGA,229,37989,846,IAD,0,6,3,N567UA,ontime
700,US,655,LGA,214,37989,2160,DCA,0,6,3,N760UW,ontime
900,US,858,LGA,214,37989,2164,DCA,0,6,3,N710UW,ontime
1100,US,1059,LGA,214,37989,2168,DCA,0,6,3,N760UW,ontime
1300,US,1256,LGA,214,37989,2172,DCA,0,6,3,N710UW,ontime
1500,US,1500,LGA,214,37989,2176,DCA,0,6,3,N760UW,ontime
1700,US,1658,LGA,214,37989,2180,DCA,0,6,3,N710UW,ontime
1900,US,1857,LGA,214,37989,2184,DCA,0,6,3,N760UW,ontime
1720,RU,1714,EWR,169,37989,2675,BWI,0,6,3,N15574,ontime
700,RU,655,EWR,169,37989,2703,BWI,0,6,3,N11536,ontime
1030,RU,1026,EWR,169,37989,2303,BWI,0,6,3,N14907,ontime
1455,RU,1448,EWR,169,37989,2267,BWI,0,6,3,N14974,ontime
1300,CO,1255,EWR,199,37989,808,DCA,0,6,3,N11612,ontime
840,DH,857,EWR,213,37989,7299,IAD,0,6,3,N693BR,delayed
1710,DH,1705,EWR,213,37989,7302,IAD,0,6,3,N693BR,ontime
1245,DH,1329,EWR,213,37989,7303,IAD,0,6,3,N672BR,delayed
2120,DH,2126,EWR,213,37989,7304,IAD,0,6,3,N643BR,ontime
630,DH,625,EWR,213,37989,7371,IAD,0,6,3,N333UE,ontime
1725,RU,1722,EWR,213,37989,2497,IAD,0,6,3,N17146,ontime
1400,RU,1356,EWR,199,37989,2216,DCA,0,6,3,N17513,ontime
700,RU,658,EWR,213,37989,2855,IAD,0,6,3,N14925,ontime
930,RU,941,EWR,199,37989,2582,DCA,0,6,3,N14977,ontime
1730,RU,1738,EWR,199,37989,2097,DCA,0,6,3,N14998,ontime
1600,RU,1556,EWR,199,37989,2181,DCA,0,6,3,N13955,ontime
1515,RU,1511,EWR,213,37989,2156,IAD,0,6,3,N12136,ontime
700,RU,703,EWR,199,37989,2761,DCA,0,6,3,N14907,ontime
1455,OH,1605,JFK,184,37990,5935,BWI,0,7,4,N973CA,delayed
1640,DH,1644,JFK,213,37990,6155,DCA,0,7,4,N424FJ,ontime
1245,DH,1249,LGA,229,37990,7208,IAD,0,7,4,N632BR,ontime
1455,DH,1535,LGA,229,37990,7211,IAD,0,7,4,N654BR,delayed
1715,DH,1837,LGA,229,37990,7215,IAD,0,7,4,N634BR,delayed
640,DH,640,LGA,229,37990,7790,IAD,0,7,4,N654BR,ontime
1039,DH,1032,LGA,229,37990,7792,IAD,0,7,4,N654BR,ontime
840,DH,900,JFK,228,37990,7800,IAD,0,7,4,N673BR,ontime
1240,DH,1243,JFK,228,37990,7806,IAD,0,7,4,N330UE,ontime
1455,DH,1504,JFK,228,37990,7808,IAD,0,7,4,N314UE,ontime
1645,DH,1642,JFK,228,37990,7810,IAD,0,7,4,N313UE,ontime
1715,DH,1709,JFK,228,37990,7812,IAD,0,7,4,N312UE,ontime
2120,DH,2120,JFK,228,37990,7814,IAD,0,7,4,N626BR,ontime
1610,DH,1607,JFK,228,37990,7816,IAD,0,7,4,N327UE,ontime
2120,DH,2116,LGA,229,37990,7924,IAD,0,7,4,N674BR,ontime
1455,DL,1500,JFK,213,37990,746,DCA,0,7,4,N912DL,ontime
830,DL,828,LGA,214,37990,1744,DCA,0,7,4,N242DL,ontime
1030,DL,1028,LGA,214,37990,1748,DCA,0,7,4,N221DL,ontime
1230,DL,1230,LGA,214,37990,1752,DCA,0,7,4,N242DL,ontime
1430,DL,1432,LGA,214,37990,1756,DCA,0,7,4,N221DL,ontime
1630,DL,1629,LGA,214,37990,1760,DCA,0,7,4,N242DL,ontime
1830,DL,1832,LGA,214,37990,1764,DCA,0,7,4,N221DL,ontime
2030,DL,2030,LGA,214,37990,1768,DCA,0,7,4,N242DL,ontime
1530,MQ,1534,JFK,213,37990,4752,DCA,0,7,4,N712MQ,delayed
600,MQ,554,JFK,213,37990,4760,DCA,0,7,4,N737MQ,ontime
730,MQ,745,JFK,213,37990,4771,DCA,0,7,4,N719MQ,ontime
1830,MQ,1858,JFK,213,37990,4784,DCA,0,7,4,N727MQ,delayed
1300,MQ,1257,LGA,214,37990,4964,DCA,0,7,4,N737MQ,ontime
1500,MQ,1458,LGA,214,37990,4968,DCA,0,7,4,N727MQ,delayed
1700,MQ,1659,LGA,214,37990,4972,DCA,0,7,4,N708MQ,ontime
1900,MQ,1936,LGA,214,37990,4976,DCA,0,7,4,N719MQ,delayed
850,UA,849,LGA,229,37990,846,IAD,0,7,4,N559UA,ontime
900,US,858,LGA,214,37990,2164,DCA,0,7,4,N730UW,ontime
1000,US,954,LGA,214,37990,2166,DCA,0,7,4,N765UW,ontime
1100,US,1055,LGA,214,37990,2168,DCA,0,7,4,N746UW,ontime
1200,US,1158,LGA,214,37990,2170,DCA,0,7,4,N711UW,ontime
1300,US,1257,LGA,214,37990,2172,DCA,0,7,4,N730UW,ontime
1400,US,1359,LGA,214,37990,2174,DCA,0,7,4,N765UW,ontime
1500,US,1456,LGA,214,37990,2176,DCA,0,7,4,N746UW,ontime
1600,US,1559,LGA,214,37990,2178,DCA,0,7,4,N711UW,ontime
1700,US,1658,LGA,214,37990,2180,DCA,0,7,4,N730UW,ontime
1800,US,1758,LGA,214,37990,2182,DCA,0,7,4,N765UW,ontime
1900,US,1857,LGA,214,37990,2184,DCA,0,7,4,N746UW,ontime
2000,US,1957,LGA,214,37990,2186,DCA,0,7,4,N711UW,ontime
2100,US,2059,LGA,214,37990,2188,DCA,0,7,4,N730UW,ontime
1455,RU,1615,EWR,169,37990,2403,BWI,0,7,4,N14943,delayed
1315,RU,1416,EWR,169,37990,2703,BWI,0,7,4,N13949,delayed
1605,RU,2030,EWR,169,37990,2603,BWI,0,7,4,N14933,delayed
1030,RU,1235,EWR,169,37990,2303,BWI,0,7,4,N19966,delayed
1300,CO,1255,EWR,199,37990,808,DCA,0,7,4,N59630,ontime
1630,CO,1833,EWR,199,37990,810,DCA,0,7,4,N16649,delayed
840,DH,857,EWR,213,37990,7299,IAD,0,7,4,N640BR,ontime
1710,DH,1917,EWR,213,37990,7302,IAD,0,7,4,N697BR,delayed
1245,DH,1310,EWR,213,37990,7303,IAD,0,7,4,N638BR,delayed
2120,DH,2221,EWR,213,37990,7304,IAD,0,7,4,N697BR,delayed
1430,DH,1600,EWR,213,37990,7307,IAD,0,7,4,N328UE,delayed
1730,RU,1952,EWR,199,37990,2097,DCA,0,7,4,N12136,delayed
930,RU,927,EWR,199,37990,2582,DCA,0,7,4,N13992,ontime
900,RU,858,EWR,213,37990,3276,IAD,0,7,4,N15985,ontime
1900,RU,2110,EWR,213,37990,2385,IAD,0,7,4,N24128,delayed
1400,RU,1356,EWR,199,37990,2216,DCA,0,7,4,N16987,delayed
1900,RU,2120,EWR,199,37990,2336,DCA,0,7,4,N12569,delayed
1515,RU,1557,EWR,213,37990,2156,IAD,0,7,4,N18101,delayed
1455,OH,1610,JFK,184,37991,5935,BWI,0,1,5,N814CA,delayed
1640,DH,1638,JFK,213,37991,6155,DCA,0,1,5,N424FJ,delayed
1245,DH,1338,LGA,229,37991,7208,IAD,0,1,5,N674BR,delayed
1455,DH,1606,LGA,229,37991,7211,IAD,0,1,5,N643BR,delayed
1715,DH,1848,LGA,229,37991,7215,IAD,0,1,5,N649BR,delayed
640,DH,633,LGA,229,37991,7790,IAD,0,1,5,N643BR,delayed
1039,DH,1054,LGA,229,37991,7792,IAD,0,1,5,N643BR,ontime
840,DH,946,JFK,228,37991,7800,IAD,0,1,5,N651BR,delayed
1240,DH,1312,JFK,228,37991,7806,IAD,0,1,5,N305UE,delayed
1645,DH,1700,JFK,228,37991,7810,IAD,0,1,5,N331UE,ontime
1715,DH,1709,JFK,228,37991,7812,IAD,0,1,5,N332UE,ontime
2120,DH,2200,JFK,228,37991,7814,IAD,0,1,5,N683BR,delayed
1610,DH,1651,JFK,228,37991,7816,IAD,0,1,5,N303UE,delayed
2120,DH,2125,LGA,229,37991,7924,IAD,0,1,5,N699BR,ontime
1455,DL,1459,JFK,213,37991,746,DCA,0,1,5,N994DL,ontime
630,DL,630,LGA,214,37991,1740,DCA,0,1,5,N221DL,ontime
730,DL,734,LGA,214,37991,1742,DCA,0,1,5,N241DL,ontime
830,DL,830,LGA,214,37991,1744,DCA,0,1,5,N242DL,ontime
930,DL,932,LGA,214,37991,1746,DCA,0,1,5,N225DL,ontime
1030,DL,1031,LGA,214,37991,1748,DCA,0,1,5,N223DZ,ontime
1130,DL,1128,LGA,214,37991,1750,DCA,0,1,5,N241DL,ontime
1230,DL,1230,LGA,214,37991,1752,DCA,0,1,5,N242DL,ontime
1330,DL,1329,LGA,214,37991,1754,DCA,0,1,5,N225DL,ontime
1430,DL,1427,LGA,214,37991,1756,DCA,0,1,5,N223DZ,ontime
1630,DL,1635,LGA,214,37991,1760,DCA,0,1,5,N242DL,ontime
1730,DL,1730,LGA,214,37991,1762,DCA,0,1,5,N225DL,ontime
1830,DL,1829,LGA,214,37991,1764,DCA,0,1,5,N223DZ,ontime
1930,DL,1955,LGA,214,37991,1766,DCA,0,1,5,N241DL,delayed
2030,DL,2028,LGA,214,37991,1768,DCA,0,1,5,N242DL,ontime
1530,MQ,1538,JFK,213,37991,4752,DCA,0,1,5,N704MQ,ontime
600,MQ,557,JFK,213,37991,4760,DCA,0,1,5,N707MQ,ontime
700,MQ,656,LGA,214,37991,4952,DCA,0,1,5,N712MQ,ontime
800,MQ,758,LGA,214,37991,4954,DCA,0,1,5,N724MQ,ontime
900,MQ,859,LGA,214,37991,4956,DCA,0,1,5,N719MQ,ontime
1100,MQ,1103,LGA,214,37991,4960,DCA,0,1,5,N706MQ,ontime
1300,MQ,1250,LGA,214,37991,4964,DCA,0,1,5,N716MQ,ontime
1600,MQ,1627,LGA,214,37991,4970,DCA,0,1,5,N700MQ,delayed
1700,MQ,1702,LGA,214,37991,4972,DCA,0,1,5,N724MQ,ontime
1900,MQ,1949,LGA,214,37991,4976,DCA,0,1,5,N846MQ,delayed
850,UA,848,LGA,229,37991,846,IAD,0,1,5,N516UA,ontime
630,US,627,LGA,214,37991,1479,DCA,0,1,5,N765UW,delayed
700,US,657,LGA,214,37991,2160,DCA,0,1,5,N762UW,ontime
800,US,757,LGA,214,37991,2162,DCA,0,1,5,N750UW,ontime
900,US,900,LGA,214,37991,2164,DCA,0,1,5,N733UW,ontime
1000,US,958,LGA,214,37991,2166,DCA,0,1,5,N767UW,ontime
1100,US,1057,LGA,214,37991,2168,DCA,0,1,5,N762UW,ontime
1200,US,1155,LGA,214,37991,2170,DCA,0,1,5,N750UW,ontime
1300,US,1257,LGA,214,37991,2172,DCA,0,1,5,N733UW,ontime
1400,US,1358,LGA,214,37991,2174,DCA,0,1,5,N767UW,ontime
1500,US,1500,LGA,214,37991,2176,DCA,0,1,5,N762UW,ontime
1600,US,1601,LGA,214,37991,2178,DCA,0,1,5,N750UW,ontime
1700,US,1657,LGA,214,37991,2180,DCA,0,1,5,N733UW,ontime
1800,US,1757,LGA,214,37991,2182,DCA,0,1,5,N767UW,ontime
1900,US,1857,LGA,214,37991,2184,DCA,0,1,5,N762UW,ontime
2000,US,1959,LGA,214,37991,2186,DCA,0,1,5,N750UW,ontime
2100,US,2100,LGA,214,37991,2188,DCA,0,1,5,N733UW,ontime
700,RU,744,EWR,169,37991,2703,BWI,0,1,5,N14923,delayed
1455,RU,1527,EWR,169,37991,2403,BWI,0,1,5,N12946,delayed
1030,RU,1221,EWR,169,37991,2303,BWI,0,1,5,N16951,delayed
1300,CO,1324,EWR,199,37991,808,DCA,0,1,5,N14628,delayed
759,CO,757,EWR,199,37991,806,DCA,0,1,5,N14654,ontime
1730,CO,1846,EWR,199,37991,814,DCA,0,1,5,N14341,delayed
840,DH,844,EWR,213,37991,7299,IAD,0,1,5,N622BR,ontime
1710,DH,1920,EWR,213,37991,7302,IAD,0,1,5,N697BR,delayed
1245,DH,1357,EWR,213,37991,7303,IAD,0,1,5,N664BR,delayed
2120,DH,2312,EWR,213,37991,7304,IAD,0,1,5,N667BR,delayed
1430,DH,1536,EWR,213,37991,7307,IAD,0,1,5,N320UE,delayed
630,DH,624,EWR,213,37991,7371,IAD,0,1,5,N330UE,ontime
700,RU,700,EWR,199,37991,2761,DCA,0,1,5,N18556,ontime
900,RU,1056,EWR,199,37991,2582,DCA,0,1,5,N14952,delayed
1300,RU,1321,EWR,213,37991,2692,IAD,0,1,5,N16511,delayed
2100,RU,2105,EWR,199,37991,2879,DCA,0,1,5,N12126,ontime
700,RU,655,EWR,213,37991,2855,IAD,0,1,5,N14570,ontime
1400,RU,1454,EWR,199,37991,2216,DCA,0,1,5,N13979,delayed
1900,RU,2104,EWR,199,37991,2336,DCA,0,1,5,N14940,delayed
1515,RU,1602,EWR,213,37991,2156,IAD,0,1,5,N27152,delayed
900,RU,855,EWR,213,37991,3276,IAD,0,1,5,N14991,ontime
1525,RU,1617,EWR,199,37991,2261,DCA,0,1,5,N15948,delayed
1455,OH,1455,JFK,184,37992,5935,BWI,0,2,6,N805CA,ontime
1245,DH,1240,LGA,229,37992,7208,IAD,0,2,6,N307UE,ontime
1455,DH,1451,LGA,229,37992,7211,IAD,0,2,6,N676BR,ontime
1715,DH,1752,LGA,229,37992,7215,IAD,0,2,6,N662BR,ontime
640,DH,635,LGA,229,37992,7790,IAD,0,2,6,N676BR,ontime
1039,DH,1034,LGA,229,37992,7792,IAD,0,2,6,N676BR,ontime
840,DH,855,JFK,228,37992,7800,IAD,0,2,6,N674BR,ontime
1240,DH,1237,JFK,228,37992,7806,IAD,0,2,6,N316UE,ontime
1455,DH,1453,JFK,228,37992,7808,IAD,0,2,6,N315UE,ontime
1645,DH,1641,JFK,228,37992,7810,IAD,0,2,6,N308UE,ontime
1715,DH,1756,JFK,228,37992,7812,IAD,0,2,6,N333UE,delayed
2120,DH,2153,JFK,228,37992,7814,IAD,0,2,6,N694BR,delayed
1610,DH,1607,JFK,228,37992,7816,IAD,0,2,6,N332UE,ontime
2120,DH,2118,LGA,229,37992,7924,IAD,0,2,6,N674BR,ontime
1455,DL,1457,JFK,213,37992,746,DCA,0,2,6,N949DL,ontime
630,DL,629,LGA,214,37992,1740,DCA,0,2,6,N223DZ,ontime
730,DL,728,LGA,214,37992,1742,DCA,0,2,6,N225DL,ontime
830,DL,829,LGA,214,37992,1744,DCA,0,2,6,N242DL,ontime
930,DL,930,LGA,214,37992,1746,DCA,0,2,6,N241DL,ontime
1030,DL,1030,LGA,214,37992,1748,DCA,0,2,6,N223DZ,ontime
1130,DL,1130,LGA,214,37992,1750,DCA,0,2,6,N225DL,ontime
1230,DL,1230,LGA,214,37992,1752,DCA,0,2,6,N242DL,ontime
1330,DL,1327,LGA,214,37992,1754,DCA,0,2,6,N241DL,ontime
1430,DL,1428,LGA,214,37992,1756,DCA,0,2,6,N223DZ,ontime
1530,DL,1529,LGA,214,37992,1758,DCA,0,2,6,N225DL,ontime
1630,DL,1629,LGA,214,37992,1760,DCA,0,2,6,N242DL,ontime
1730,DL,1728,LGA,214,37992,1762,DCA,0,2,6,N241DL,ontime
1830,DL,1830,LGA,214,37992,1764,DCA,0,2,6,N223DZ,ontime
1930,DL,1929,LGA,214,37992,1766,DCA,0,2,6,N225DL,ontime
2030,DL,2031,LGA,214,37992,1768,DCA,0,2,6,N242DL,ontime
1530,MQ,1548,JFK,213,37992,4752,DCA,0,2,6,N838MQ,ontime
600,MQ,558,JFK,213,37992,4760,DCA,0,2,6,N739MQ,ontime
1830,MQ,1843,JFK,213,37992,4784,DCA,0,2,6,N704MQ,ontime
700,MQ,655,LGA,214,37992,4952,DCA,0,2,6,N707MQ,ontime
800,MQ,817,LGA,214,37992,4954,DCA,0,2,6,N614MQ,ontime
900,MQ,852,LGA,214,37992,4956,DCA,0,2,6,N724MQ,ontime
1100,MQ,1100,LGA,214,37992,4960,DCA,0,2,6,N707MQ,ontime
1300,MQ,1313,LGA,214,37992,4964,DCA,0,2,6,N614MQ,ontime
1400,MQ,1355,LGA,214,37992,4966,DCA,0,2,6,N846MQ,ontime
1500,MQ,1535,LGA,214,37992,4968,DCA,0,2,6,N704MQ,delayed
1600,MQ,1555,LGA,214,37992,4970,DCA,0,2,6,N710MQ,ontime
1700,MQ,1654,LGA,214,37992,4972,DCA,0,2,6,N734MQ,ontime
1900,MQ,1904,LGA,214,37992,4976,DCA,0,2,6,N715MQ,ontime
850,UA,850,LGA,229,37992,846,IAD,0,2,6,N501UA,ontime
630,US,629,LGA,214,37992,1479,DCA,0,2,6,N764UW,ontime
700,US,657,LGA,214,37992,2160,DCA,0,2,6,N721UW,ontime
800,US,758,LGA,214,37992,2162,DCA,0,2,6,N719UW,ontime
900,US,858,LGA,214,37992,2164,DCA,0,2,6,N733UW,ontime
1000,US,1000,LGA,214,37992,2166,DCA,0,2,6,N754UW,ontime
1100,US,1056,LGA,214,37992,2168,DCA,0,2,6,N721UW,ontime
1200,US,1158,LGA,214,37992,2170,DCA,0,2,6,N719UW,ontime
1300,US,1259,LGA,214,37992,2172,DCA,0,2,6,N733UW,ontime
1400,US,1357,LGA,214,37992,2174,DCA,0,2,6,N754UW,ontime
1500,US,1458,LGA,214,37992,2176,DCA,0,2,6,N721UW,ontime
1600,US,1557,LGA,214,37992,2178,DCA,0,2,6,N719UW,ontime
1700,US,1657,LGA,214,37992,2180,DCA,0,2,6,N733UW,ontime
1800,US,1758,LGA,214,37992,2182,DCA,0,2,6,N754UW,ontime
1900,US,1855,LGA,214,37992,2184,DCA,0,2,6,N721UW,ontime
2000,US,1958,LGA,214,37992,2186,DCA,0,2,6,N719UW,ontime
2100,US,2104,LGA,214,37992,2188,DCA,0,2,6,N733UW,ontime
1455,RU,1451,EWR,169,37992,2403,BWI,0,2,6,N29917,ontime
1720,RU,1729,EWR,169,37992,3372,BWI,0,2,6,N27962,delayed
700,RU,658,EWR,169,37992,2703,BWI,0,2,6,N13958,ontime
1030,RU,1037,EWR,169,37992,2303,BWI,0,2,6,N12924,ontime
1730,CO,1740,EWR,199,37992,814,DCA,0,2,6,N24224,delayed
1300,CO,1256,EWR,199,37992,808,DCA,0,2,6,N38257,ontime
1900,CO,1856,EWR,199,37992,816,DCA,0,2,6,N59630,delayed
735,CO,727,EWR,199,37992,806,DCA,0,2,6,N16648,ontime
840,DH,847,EWR,213,37992,7299,IAD,0,2,6,N307UE,ontime
1710,DH,1705,EWR,213,37992,7302,IAD,0,2,6,N674BR,ontime
1245,DH,1236,EWR,213,37992,7303,IAD,0,2,6,N645BR,ontime
2120,DH,2118,EWR,213,37992,7304,IAD,0,2,6,N652BR,ontime
1430,DH,1435,EWR,213,37992,7307,IAD,0,2,6,N324UE,ontime
630,DH,622,EWR,213,37992,7371,IAD,0,2,6,N329UE,ontime
2100,RU,2222,EWR,199,37992,2879,DCA,0,2,6,N14573,delayed
900,RU,859,EWR,199,37992,2582,DCA,0,2,6,N14947,ontime
1900,RU,1901,EWR,213,37992,2385,IAD,0,2,6,N16147,delayed
1500,RU,1457,EWR,213,37992,2156,IAD,0,2,6,N11137,ontime
700,RU,656,EWR,213,37992,2855,IAD,0,2,6,N17115,ontime
1525,RU,1644,EWR,199,37992,2261,DCA,0,2,6,N13958,delayed
1300,RU,1253,EWR,213,37992,2367,IAD,0,2,6,N16911,ontime
1359,RU,1356,EWR,199,37992,2216,DCA,0,2,6,N12924,ontime
1700,RU,1656,EWR,213,37992,2497,IAD,0,2,6,N19966,ontime
1630,RU,1627,EWR,199,37992,2181,DCA,0,2,6,N13969,ontime
645,RU,644,EWR,199,37992,2761,DCA,0,2,6,N13118,ontime
1455,OH,1455,JFK,184,37993,5935,BWI,0,3,7,N983CA,ontime
1640,DH,1639,JFK,213,37993,6155,DCA,0,3,7,N408FJ,ontime
1245,DH,1306,LGA,229,37993,7208,IAD,0,3,7,N665BR,ontime
1455,DH,1445,LGA,229,37993,7211,IAD,0,3,7,N639BR,ontime
1715,DH,1813,LGA,229,37993,7215,IAD,0,3,7,N684BR,delayed
640,DH,640,LGA,229,37993,7790,IAD,0,3,7,N634BR,ontime
1040,DH,1038,LGA,229,37993,7792,IAD,0,3,7,N328UE,ontime
840,DH,831,JFK,228,37993,7800,IAD,0,3,7,N694BR,ontime
1240,DH,1240,JFK,228,37993,7806,IAD,0,3,7,N309UE,ontime
1455,DH,1521,JFK,228,37993,7808,IAD,0,3,7,N330UE,ontime
1645,DH,1638,JFK,228,37993,7810,IAD,0,3,7,N320UE,ontime
1715,DH,1922,JFK,228,37993,7812,IAD,0,3,7,N332UE,delayed
2120,DH,2120,JFK,228,37993,7814,IAD,0,3,7,N695BR,ontime
1610,DH,1606,JFK,228,37993,7816,IAD,0,3,7,N305UE,ontime
1455,DL,1501,JFK,213,37993,746,DCA,0,3,7,N908DE,ontime
630,DL,631,LGA,214,37993,1740,DCA,0,3,7,N223DZ,ontime
830,DL,831,LGA,214,37993,1744,DCA,0,3,7,N242DL,ontime
930,DL,932,LGA,214,37993,1746,DCA,0,3,7,N225DL,ontime
1030,DL,1030,LGA,214,37993,1748,DCA,0,3,7,N223DZ,ontime
1130,DL,1131,LGA,214,37993,1750,DCA,0,3,7,N224DA,ontime
1230,DL,1231,LGA,214,37993,1752,DCA,0,3,7,N242DL,ontime
1330,DL,1329,LGA,214,37993,1754,DCA,0,3,7,N225DL,ontime
1430,DL,1430,LGA,214,37993,1756,DCA,0,3,7,N223DZ,ontime
1530,DL,1528,LGA,214,37993,1758,DCA,0,3,7,N224DA,ontime
1630,DL,1629,LGA,214,37993,1760,DCA,0,3,7,N242DL,ontime
1730,DL,1728,LGA,214,37993,1762,DCA,0,3,7,N225DL,ontime
1830,DL,1828,LGA,214,37993,1764,DCA,0,3,7,N223DZ,ontime
1930,DL,1927,LGA,214,37993,1766,DCA,0,3,7,N224DA,ontime
2030,DL,2030,LGA,214,37993,1768,DCA,0,3,7,N242DL,ontime
1530,MQ,1530,JFK,213,37993,4752,DCA,0,3,7,N736MQ,ontime
600,MQ,555,JFK,213,37993,4760,DCA,0,3,7,N705MQ,ontime
1830,MQ,1918,JFK,213,37993,4784,DCA,0,3,7,N846MQ,delayed
700,MQ,655,LGA,214,37993,4952,DCA,0,3,7,N722MQ,ontime
800,MQ,746,LGA,214,37993,4954,DCA,0,3,7,N723MQ,ontime
900,MQ,854,LGA,214,37993,4956,DCA,0,3,7,N733MQ,ontime
1100,MQ,1056,LGA,214,37993,4960,DCA,0,3,7,N722MQ,ontime
1300,MQ,1256,LGA,214,37993,4964,DCA,0,3,7,N726MQ,ontime
1400,MQ,1352,LGA,214,37993,4966,DCA,0,3,7,N730MQ,ontime
1500,MQ,1457,LGA,214,37993,4968,DCA,0,3,7,N703MQ,delayed
1600,MQ,1624,LGA,214,37993,4970,DCA,0,3,7,N713MQ,delayed
1900,MQ,2014,LGA,214,37993,4976,DCA,0,3,7,N735MQ,delayed
850,UA,849,LGA,229,37993,846,IAD,0,3,7,N567UA,ontime
630,US,628,LGA,214,37993,1479,DCA,0,3,7,N754UW,ontime
700,US,658,LGA,214,37993,2160,DCA,0,3,7,N725UW,ontime
800,US,757,LGA,214,37993,2162,DCA,0,3,7,N722UW,ontime
900,US,857,LGA,214,37993,2164,DCA,0,3,7,N744UW,ontime
1000,US,956,LGA,214,37993,2166,DCA,0,3,7,N720UW,ontime
1100,US,1058,LGA,214,37993,2168,DCA,0,3,7,N725UW,ontime
1200,US,1157,LGA,214,37993,2170,DCA,0,3,7,N722UW,ontime
1300,US,1256,LGA,214,37993,2172,DCA,0,3,7,N744UW,ontime
1400,US,1354,LGA,214,37993,2174,DCA,0,3,7,N720UW,ontime
1500,US,1457,LGA,214,37993,2176,DCA,0,3,7,N725UW,delayed
1600,US,1600,LGA,214,37993,2178,DCA,0,3,7,N722UW,delayed
1700,US,1656,LGA,214,37993,2180,DCA,0,3,7,N744UW,ontime
1800,US,1758,LGA,214,37993,2182,DCA,0,3,7,N720UW,ontime
1900,US,1859,LGA,214,37993,2184,DCA,0,3,7,N725UW,ontime
2000,US,1959,LGA,214,37993,2186,DCA,0,3,7,N722UW,delayed
2100,US,2054,LGA,214,37993,2188,DCA,0,3,7,N744UW,ontime
700,RU,659,EWR,169,37993,2703,BWI,0,3,7,N15574,ontime
1455,RU,1459,EWR,169,37993,2403,BWI,0,3,7,N21537,ontime
1720,RU,1920,EWR,169,37993,3372,BWI,0,3,7,N36915,delayed
1030,RU,1044,EWR,169,37993,2303,BWI,0,3,7,N18557,delayed
1300,CO,1255,EWR,199,37993,808,DCA,0,3,7,N14654,ontime
1900,CO,1948,EWR,199,37993,816,DCA,0,3,7,N60312,delayed
1730,CO,1813,EWR,199,37993,814,DCA,0,3,7,N76355,delayed
735,CO,728,EWR,199,37993,806,DCA,0,3,7,N18622,ontime
840,DH,840,EWR,213,37993,7299,IAD,0,3,7,N695BR,ontime
1710,DH,1725,EWR,213,37993,7302,IAD,0,3,7,N696BR,ontime
1245,DH,1320,EWR,213,37993,7303,IAD,0,3,7,N696BR,delayed
2120,DH,2117,EWR,213,37993,7304,IAD,0,3,7,N628BR,ontime
630,DH,624,EWR,213,37993,7305,IAD,0,3,7,N301UE,ontime
1430,DH,1439,EWR,213,37993,7307,IAD,0,3,7,N324UE,ontime
1359,RU,1352,EWR,199,37993,2216,DCA,0,3,7,N18557,ontime
700,RU,731,EWR,213,37993,2855,IAD,0,3,7,N13903,delayed
1500,RU,1457,EWR,213,37993,2156,IAD,0,3,7,N11150,delayed
900,RU,856,EWR,199,37993,2582,DCA,0,3,7,N19966,ontime
1300,RU,1254,EWR,213,37993,2367,IAD,0,3,7,N13538,ontime
1700,RU,1654,EWR,213,37993,2497,IAD,0,3,7,N13955,ontime
1900,RU,1955,EWR,213,37993,2385,IAD,0,3,7,N15527,delayed
645,RU,641,EWR,199,37993,2761,DCA,0,3,7,N16147,ontime
2100,RU,2058,EWR,199,37993,2879,DCA,0,3,7,N14153,ontime
1525,RU,1521,EWR,199,37993,2261,DCA,0,3,7,N11140,ontime
1630,RU,1629,EWR,199,37993,2181,DCA,0,3,7,N13538,ontime
1455,OH,1455,JFK,184,37994,5935,BWI,0,4,8,N819cA,ontime
1640,DH,1640,JFK,213,37994,6155,DCA,0,4,8,N418FJ,delayed
1245,DH,1245,LGA,229,37994,7208,IAD,0,4,8,N682BR,ontime
1455,DH,1706,LGA,229,37994,7211,IAD,0,4,8,N662BR,delayed
1715,DH,1710,LGA,229,37994,7215,IAD,0,4,8,N680BR,delayed
2120,DH,2151,LGA,229,37994,7684,IAD,0,4,8,N667BR,delayed
640,DH,648,LGA,229,37994,7790,IAD,0,4,8,N642BR,ontime
1040,DH,1036,LGA,229,37994,7792,IAD,0,4,8,N639BR,ontime
840,DH,852,JFK,228,37994,7800,IAD,0,4,8,N631BR,ontime
1240,DH,1237,JFK,228,37994,7806,IAD,0,4,8,N331UE,ontime
1455,DH,1449,JFK,228,37994,7808,IAD,0,4,8,N301UE,ontime
1645,DH,1639,JFK,228,37994,7810,IAD,0,4,8,N308UE,ontime
1715,DH,1714,JFK,228,37994,7812,IAD,0,4,8,N316UE,ontime
2120,DH,2135,JFK,228,37994,7814,IAD,0,4,8,N638BR,ontime
1610,DH,1609,JFK,228,37994,7816,IAD,0,4,8,N320UE,ontime
1455,DL,1601,JFK,213,37994,746,DCA,0,4,8,N962DL,delayed
630,DL,628,LGA,214,37994,1740,DCA,0,4,8,N223DZ,ontime
730,DL,728,LGA,214,37994,1742,DCA,0,4,8,N225DL,ontime
830,DL,828,LGA,214,37994,1744,DCA,0,4,8,N242DL,ontime
930,DL,931,LGA,214,37994,1746,DCA,0,4,8,N224DA,ontime
1030,DL,1030,LGA,214,37994,1748,DCA,0,4,8,N223DZ,ontime
1130,DL,1129,LGA,214,37994,1750,DCA,0,4,8,N225DL,ontime
1230,DL,1231,LGA,214,37994,1752,DCA,0,4,8,N242DL,ontime
1330,DL,1328,LGA,214,37994,1754,DCA,0,4,8,N224DA,ontime
1430,DL,1430,LGA,214,37994,1756,DCA,0,4,8,N241DL,ontime
1530,DL,1533,LGA,214,37994,1758,DCA,0,4,8,N225DL,ontime
1630,DL,1630,LGA,214,37994,1760,DCA,0,4,8,N242DL,ontime
1730,DL,1731,LGA,214,37994,1762,DCA,0,4,8,N224DA,ontime
1830,DL,1833,LGA,214,37994,1764,DCA,0,4,8,N241DL,ontime
1930,DL,1928,LGA,214,37994,1766,DCA,0,4,8,N225DL,ontime
2030,DL,2027,LGA,214,37994,1768,DCA,0,4,8,N242DL,ontime
1530,MQ,1524,JFK,213,37994,4752,DCA,0,4,8,N723MQ,ontime
600,MQ,552,JFK,213,37994,4760,DCA,0,4,8,N737MQ,ontime
1830,MQ,1844,JFK,213,37994,4784,DCA,0,4,8,N710MQ,ontime
700,MQ,722,LGA,214,37994,4952,DCA,0,4,8,N708MQ,ontime
800,MQ,759,LGA,214,37994,4954,DCA,0,4,8,N707MQ,ontime
900,MQ,856,LGA,214,37994,4956,DCA,0,4,8,N705MQ,ontime
1100,MQ,1050,LGA,214,37994,4960,DCA,0,4,8,N708MQ,ontime
1300,MQ,1256,LGA,214,37994,4964,DCA,0,4,8,N732MQ,ontime
1400,MQ,1353,LGA,214,37994,4966,DCA,0,4,8,N736MQ,ontime
1500,MQ,1457,LGA,214,37994,4968,DCA,0,4,8,N707MQ,ontime
1600,MQ,1557,LGA,214,37994,4970,DCA,0,4,8,N721MQ,ontime
1900,MQ,1852,LGA,214,37994,4976,DCA,0,4,8,N732MQ,ontime
850,UA,848,LGA,229,37994,846,IAD,0,4,8,N518UA,ontime
630,US,627,LGA,214,37994,1479,DCA,0,4,8,N767UW,ontime
700,US,658,LGA,214,37994,2160,DCA,0,4,8,N727UW,ontime
800,US,756,LGA,214,37994,2162,DCA,0,4,8,N725UW,ontime
900,US,856,LGA,214,37994,2164,DCA,0,4,8,N744UW,ontime
1000,US,958,LGA,214,37994,2166,DCA,0,4,8,N719UW,ontime
1100,US,1057,LGA,214,37994,2168,DCA,0,4,8,N727UW,ontime
1200,US,1157,LGA,214,37994,2170,DCA,0,4,8,N725UW,ontime
1300,US,1259,LGA,214,37994,2172,DCA,0,4,8,N744UW,ontime
1400,US,1408,LGA,214,37994,2174,DCA,0,4,8,N719UW,ontime
1500,US,1457,LGA,214,37994,2176,DCA,0,4,8,N727UW,ontime
1600,US,1557,LGA,214,37994,2178,DCA,0,4,8,N725UW,ontime
1700,US,1733,LGA,214,37994,2180,DCA,0,4,8,N770UW,delayed
1800,US,1758,LGA,214,37994,2182,DCA,0,4,8,N719UW,ontime
1900,US,1916,LGA,214,37994,2184,DCA,0,4,8,N725UW,delayed
2000,US,2031,LGA,214,37994,2186,DCA,0,4,8,N738UW,delayed
2100,US,2059,LGA,214,37994,2188,DCA,0,4,8,N770UW,ontime
1720,RU,1739,EWR,169,37994,3372,BWI,0,4,8,N13538,ontime
1455,RU,1456,EWR,169,37994,2403,BWI,0,4,8,N13935,ontime
1030,RU,1026,EWR,169,37994,2303,BWI,0,4,8,N14933,ontime
700,RU,655,EWR,169,37994,2703,BWI,0,4,8,N15973,ontime
1730,CO,1728,EWR,199,37994,814,DCA,0,4,8,N29717,ontime
735,CO,734,EWR,199,37994,806,DCA,0,4,8,N11612,ontime
1300,CO,1255,EWR,199,37994,808,DCA,0,4,8,N18658,ontime
1900,CO,1854,EWR,199,37994,816,DCA,0,4,8,N14645,ontime
840,DH,838,EWR,213,37994,7299,IAD,0,4,8,N674BR,ontime
1710,DH,1706,EWR,213,37994,7302,IAD,0,4,8,N652BR,ontime
1245,DH,1241,EWR,213,37994,7303,IAD,0,4,8,N652BR,ontime
2120,DH,2120,EWR,213,37994,7304,IAD,0,4,8,N695BR,ontime
630,DH,622,EWR,213,37994,7305,IAD,0,4,8,N332UE,ontime
1430,DH,1421,EWR,213,37994,7307,IAD,0,4,8,N303UE,ontime
1500,RU,1452,EWR,213,37994,2156,IAD,0,4,8,N13132,ontime
1900,RU,1857,EWR,213,37994,2385,IAD,0,4,8,N24103,ontime
1300,RU,1255,EWR,213,37994,2692,IAD,0,4,8,N25504,ontime
1630,RU,1625,EWR,199,37994,2181,DCA,0,4,8,N10575,ontime
645,RU,654,EWR,199,37994,2761,DCA,0,4,8,N11565,delayed
1359,RU,1354,EWR,199,37994,2216,DCA,0,4,8,N16546,ontime
700,RU,707,EWR,213,37994,2855,IAD,0,4,8,N14952,ontime
1700,RU,1700,EWR,213,37994,2497,IAD,0,4,8,N12564,ontime
900,RU,857,EWR,199,37994,2582,DCA,0,4,8,N36915,ontime
2100,RU,2051,EWR,199,37994,2879,DCA,0,4,8,N16954,ontime
1525,RU,1527,EWR,199,37994,2261,DCA,0,4,8,N16963,ontime
1455,OH,1455,JFK,184,37995,5935,BWI,0,5,9,N812CA,ontime
1640,DH,1634,JFK,213,37995,6155,DCA,0,5,9,N415FJ,ontime
1245,DH,1257,LGA,229,37995,7208,IAD,0,5,9,N650BR,ontime
1455,DH,1608,LGA,229,37995,7211,IAD,0,5,9,N697BR,delayed
1715,DH,2106,LGA,229,37995,7215,IAD,0,5,9,N658BR,delayed
2120,DH,2134,LGA,229,37995,7684,IAD,0,5,9,N699BR,ontime
640,DH,714,LGA,229,37995,7790,IAD,0,5,9,N647BR,delayed
1040,DH,1106,LGA,229,37995,7792,IAD,0,5,9,N647BR,ontime
840,DH,836,JFK,228,37995,7800,IAD,0,5,9,N667BR,delayed
1240,DH,1235,JFK,228,37995,7806,IAD,0,5,9,N316UE,ontime
1455,DH,1454,JFK,228,37995,7808,IAD,0,5,9,N308UE,ontime
1645,DH,1643,JFK,228,37995,7810,IAD,0,5,9,N311UE,ontime
1715,DH,1710,JFK,228,37995,7812,IAD,0,5,9,N333UE,ontime
2120,DH,2115,JFK,228,37995,7814,IAD,0,5,9,N675BR,ontime
1610,DH,1617,JFK,228,37995,7816,IAD,0,5,9,N309UE,ontime
1455,DL,1506,JFK,213,37995,746,DCA,0,5,9,N951DL,ontime
630,DL,629,LGA,214,37995,1740,DCA,0,5,9,N241DL,ontime
730,DL,730,LGA,214,37995,1742,DCA,0,5,9,N224DA,delayed
830,DL,832,LGA,214,37995,1744,DCA,0,5,9,N242DL,ontime
930,DL,930,LGA,214,37995,1746,DCA,0,5,9,N225DL,ontime
1030,DL,1032,LGA,214,37995,1748,DCA,0,5,9,N241DL,ontime
1130,DL,1131,LGA,214,37995,1750,DCA,0,5,9,N224DA,ontime
1230,DL,1228,LGA,214,37995,1752,DCA,0,5,9,N222DZ,ontime
1330,DL,1329,LGA,214,37995,1754,DCA,0,5,9,N225DL,ontime
1430,DL,1432,LGA,214,37995,1756,DCA,0,5,9,N241DL,ontime
1530,DL,1530,LGA,214,37995,1758,DCA,0,5,9,N221DL,ontime
1630,DL,1633,LGA,214,37995,1760,DCA,0,5,9,N222DZ,ontime
1730,DL,1735,LGA,214,37995,1762,DCA,0,5,9,N225DL,ontime
1830,DL,1829,LGA,214,37995,1764,DCA,0,5,9,N241DL,ontime
1930,DL,1931,LGA,214,37995,1766,DCA,0,5,9,N221DL,ontime
2030,DL,2030,LGA,214,37995,1768,DCA,0,5,9,N222DZ,ontime
1530,MQ,1535,JFK,213,37995,4752,DCA,0,5,9,N708MQ,ontime
600,MQ,558,JFK,213,37995,4760,DCA,0,5,9,N801MQ,ontime
1830,MQ,1851,JFK,213,37995,4784,DCA,0,5,9,N736MQ,delayed
800,MQ,843,LGA,214,37995,4954,DCA,0,5,9,N731MQ,delayed
900,MQ,851,LGA,214,37995,4956,DCA,0,5,9,N715MQ,ontime
1100,MQ,1141,LGA,214,37995,4960,DCA,0,5,9,N713MQ,delayed
1300,MQ,1252,LGA,214,37995,4964,DCA,0,5,9,N715MQ,ontime
1400,MQ,1359,LGA,214,37995,4966,DCA,0,5,9,N739MQ,ontime
1500,MQ,1503,LGA,214,37995,4968,DCA,0,5,9,N712MQ,ontime
1600,MQ,1618,LGA,214,37995,4970,DCA,0,5,9,N732MQ,delayed
1700,MQ,1658,LGA,214,37995,4972,DCA,0,5,9,N707MQ,ontime
1900,MQ,1916,LGA,214,37995,4976,DCA,0,5,9,N726MQ,delayed
850,UA,904,LGA,229,37995,846,IAD,0,5,9,N520UA,delayed
630,US,629,LGA,214,37995,1479,DCA,0,5,9,N733UW,ontime
700,US,657,LGA,214,37995,2160,DCA,0,5,9,N724UW,ontime
800,US,756,LGA,214,37995,2162,DCA,0,5,9,N738UW,ontime
1000,US,958,LGA,214,37995,2166,DCA,0,5,9,N722UW,ontime
1100,US,1057,LGA,214,37995,2168,DCA,0,5,9,N724UW,ontime
1200,US,1155,LGA,214,37995,2170,DCA,0,5,9,N738UW,ontime
1300,US,1259,LGA,214,37995,2172,DCA,0,5,9,N750UW,ontime
1400,US,1357,LGA,214,37995,2174,DCA,0,5,9,N722UW,ontime
1500,US,1458,LGA,214,37995,2176,DCA,0,5,9,N724UW,ontime
1600,US,1555,LGA,214,37995,2178,DCA,0,5,9,N738UW,ontime
1700,US,1657,LGA,214,37995,2180,DCA,0,5,9,N750UW,ontime
1800,US,1757,LGA,214,37995,2182,DCA,0,5,9,N722UW,ontime
1900,US,1902,LGA,214,37995,2184,DCA,0,5,9,N724UW,ontime
2000,US,1956,LGA,214,37995,2186,DCA,0,5,9,N738UW,ontime
2100,US,2052,LGA,214,37995,2188,DCA,0,5,9,N750UW,ontime
1720,RU,1720,EWR,169,37995,3372,BWI,0,5,9,N16963,ontime
1455,RU,1450,EWR,169,37995,2403,BWI,0,5,9,N15926,ontime
1030,RU,1108,EWR,169,37995,2303,BWI,0,5,9,N13989,delayed
700,RU,700,EWR,169,37995,2703,BWI,0,5,9,N12552,ontime
1730,CO,1727,EWR,199,37995,814,DCA,0,5,9,N70353,ontime
1900,CO,1858,EWR,199,37995,816,DCA,0,5,9,N46625,ontime
1300,CO,1258,EWR,199,37995,808,DCA,0,5,9,N14664,ontime
735,CO,732,EWR,199,37995,806,DCA,0,5,9,N19621,ontime
840,DH,840,EWR,213,37995,7299,IAD,0,5,9,N698BR,ontime
1710,DH,1707,EWR,213,37995,7302,IAD,0,5,9,N652BR,ontime
1245,DH,1242,EWR,213,37995,7303,IAD,0,5,9,N661BR,ontime
2120,DH,2121,EWR,213,37995,7304,IAD,0,5,9,N646BR,ontime
630,DH,629,EWR,213,37995,7305,IAD,0,5,9,N301UE,ontime
1430,DH,1423,EWR,213,37995,7307,IAD,0,5,9,N312UE,ontime
1630,RU,1627,EWR,199,37995,2181,DCA,0,5,9,N18556,ontime
1525,RU,1526,EWR,199,37995,2261,DCA,0,5,9,N13955,ontime
1359,RU,1357,EWR,199,37995,2216,DCA,0,5,9,N13989,ontime
700,RU,700,EWR,213,37995,2855,IAD,0,5,9,N13550,delayed
1300,RU,1256,EWR,213,37995,2692,IAD,0,5,9,N14505,ontime
1900,RU,1855,EWR,213,37995,2385,IAD,0,5,9,N27152,ontime
1500,RU,1457,EWR,213,37995,2156,IAD,0,5,9,N16151,ontime
900,RU,850,EWR,199,37995,2582,DCA,0,5,9,N11565,ontime
2100,RU,2058,EWR,199,37995,2879,DCA,0,5,9,N14907,ontime
1700,RU,1655,EWR,213,37995,2497,IAD,0,5,9,N12900,ontime
645,RU,645,EWR,199,37995,2761,DCA,0,5,9,N15985,ontime
1455,OH,1455,JFK,184,37996,5935,BWI,0,6,10,N805CA,ontime
1640,DH,1638,JFK,213,37996,6155,DCA,0,6,10,N424FJ,delayed
1245,DH,1243,LGA,229,37996,7208,IAD,0,6,10,N627BR,ontime
1715,DH,1710,LGA,229,37996,7215,IAD,0,6,10,N688BR,ontime
2120,DH,2130,LGA,229,37996,7684,IAD,0,6,10,N692BR,ontime
840,DH,918,JFK,228,37996,7800,IAD,0,6,10,N682BR,delayed
1240,DH,1303,JFK,228,37996,7806,IAD,0,6,10,N313UE,delayed
1645,DH,1642,JFK,228,37996,7810,IAD,0,6,10,N315UE,ontime
1715,DH,1708,JFK,228,37996,7812,IAD,0,6,10,N321UE,ontime
2120,DH,2126,JFK,228,37996,7814,IAD,0,6,10,N642BR,ontime
1800,DH,1800,JFK,228,37996,7818,IAD,0,6,10,N307UE,ontime
1455,DL,1505,JFK,213,37996,746,DCA,0,6,10,N906DE,delayed
730,DL,729,LGA,214,37996,1742,DCA,0,6,10,N225DL,ontime
830,DL,832,LGA,214,37996,1744,DCA,0,6,10,N241DL,ontime
1030,DL,1028,LGA,214,37996,1748,DCA,0,6,10,N221DL,ontime
1230,DL,1230,LGA,214,37996,1752,DCA,0,6,10,N241DL,ontime
1430,DL,1429,LGA,214,37996,1756,DCA,0,6,10,N221DL,ontime
1630,DL,1624,LGA,214,37996,1760,DCA,0,6,10,N241DL,ontime
1830,DL,1828,LGA,214,37996,1764,DCA,0,6,10,N221DL,ontime
2030,DL,2031,LGA,214,37996,1768,DCA,0,6,10,N241DL,ontime
1530,MQ,1529,JFK,213,37996,4752,DCA,0,6,10,N841MQ,ontime
600,MQ,557,JFK,213,37996,4760,DCA,0,6,10,N718MQ,delayed
1830,MQ,1826,JFK,213,37996,4784,DCA,0,6,10,N709MQ,ontime
900,MQ,855,LGA,214,37996,4956,DCA,0,6,10,N717MQ,ontime
1300,MQ,1309,LGA,214,37996,4964,DCA,0,6,10,N715MQ,ontime
850,UA,850,LGA,229,37996,846,IAD,0,6,10,N565UA,ontime
700,US,655,LGA,214,37996,2160,DCA,0,6,10,N722UW,ontime
900,US,857,LGA,214,37996,2164,DCA,0,6,10,N750UW,ontime
1100,US,1056,LGA,214,37996,2168,DCA,0,6,10,N722UW,ontime
1300,US,1256,LGA,214,37996,2172,DCA,0,6,10,N750UW,ontime
1500,US,1458,LGA,214,37996,2176,DCA,0,6,10,N722UW,ontime
1700,US,1656,LGA,214,37996,2180,DCA,0,6,10,N750UW,ontime
1900,US,1854,LGA,214,37996,2184,DCA,0,6,10,N722UW,ontime
1720,RU,1723,EWR,169,37996,3372,BWI,0,6,10,N13553,ontime
1455,RU,1450,EWR,169,37996,2229,BWI,0,6,10,N14943,ontime
700,RU,657,EWR,169,37996,2703,BWI,0,6,10,N10575,ontime
1030,RU,1030,EWR,169,37996,2303,BWI,0,6,10,N13936,ontime
1300,CO,1254,EWR,199,37996,808,DCA,0,6,10,N14660,ontime
840,DH,906,EWR,213,37996,7299,IAD,0,6,10,N705BR,ontime
1710,DH,1703,EWR,213,37996,7302,IAD,0,6,10,N658BR,ontime
1245,DH,1255,EWR,213,37996,7303,IAD,0,6,10,N658BR,ontime
2120,DH,2114,EWR,213,37996,7304,IAD,0,6,10,N625BR,ontime
1700,RU,1655,EWR,213,37996,2497,IAD,0,6,10,N16149,ontime
700,RU,658,EWR,213,37996,2855,IAD,0,6,10,N26545,ontime
1600,RU,1555,EWR,199,37996,2361,DCA,0,6,10,N17560,ontime
1500,RU,1456,EWR,213,37996,2156,IAD,0,6,10,N11113,ontime
645,RU,645,EWR,199,37996,2761,DCA,0,6,10,N14943,ontime
1730,RU,1719,EWR,199,37996,2097,DCA,0,6,10,N13903,ontime
1359,RU,1355,EWR,199,37996,2216,DCA,0,6,10,N13553,ontime
930,RU,925,EWR,199,37996,2582,DCA,0,6,10,N27152,ontime
1455,OH,1455,JFK,184,37997,5935,BWI,0,7,11,N966CA,ontime
1640,DH,1634,JFK,213,37997,6155,DCA,0,7,11,N415FJ,ontime
1245,DH,1304,LGA,229,37997,7208,IAD,0,7,11,N684BR,ontime
1455,DH,1500,LGA,229,37997,7211,IAD,0,7,11,N309UE,ontime
1715,DH,1712,LGA,229,37997,7215,IAD,0,7,11,N706BR,ontime
2120,DH,2115,LGA,229,37997,7684,IAD,0,7,11,N677BR,ontime
840,DH,840,JFK,228,37997,7800,IAD,0,7,11,N692BR,ontime
1240,DH,1238,JFK,228,37997,7806,IAD,0,7,11,N321UE,ontime
1455,DH,1533,JFK,228,37997,7808,IAD,0,7,11,N316UE,delayed
1645,DH,1637,JFK,228,37997,7810,IAD,0,7,11,N332UE,ontime
1715,DH,1714,JFK,228,37997,7812,IAD,0,7,11,N329UE,ontime
2120,DH,2155,JFK,228,37997,7814,IAD,0,7,11,N674BR,delayed
1610,DH,1627,JFK,228,37997,7816,IAD,0,7,11,N330UE,ontime
1455,DL,1456,JFK,213,37997,746,DCA,0,7,11,N970DL,delayed
830,DL,829,LGA,214,37997,1744,DCA,0,7,11,N221DL,ontime
1030,DL,1028,LGA,214,37997,1748,DCA,0,7,11,N242DL,ontime
1130,DL,1130,LGA,214,37997,1750,DCA,0,7,11,N241DL,ontime
1230,DL,1231,LGA,214,37997,1752,DCA,0,7,11,N221DL,ontime
1330,DL,1327,LGA,214,37997,1754,DCA,0,7,11,N222DZ,ontime
1430,DL,1430,LGA,214,37997,1756,DCA,0,7,11,N242DL,ontime
1530,DL,1529,LGA,214,37997,1758,DCA,0,7,11,N241DL,ontime
1630,DL,1628,LGA,214,37997,1760,DCA,0,7,11,N221DL,ontime
1730,DL,1732,LGA,214,37997,1762,DCA,0,7,11,N222DZ,ontime
1830,DL,1842,LGA,214,37997,1764,DCA,0,7,11,N242DL,ontime
1930,DL,1928,LGA,214,37997,1766,DCA,0,7,11,N241DL,ontime
2030,DL,2032,LGA,214,37997,1768,DCA,0,7,11,N221DL,ontime
1530,MQ,1525,JFK,213,37997,4752,DCA,0,7,11,N801MQ,ontime
600,MQ,552,JFK,213,37997,4760,DCA,0,7,11,N710MQ,ontime
925,MQ,915,JFK,213,37997,4771,DCA,0,7,11,N704MQ,ontime
1830,MQ,2015,JFK,213,37997,4784,DCA,0,7,11,N704MQ,delayed
1300,MQ,1255,LGA,214,37997,4964,DCA,0,7,11,N709MQ,delayed
1500,MQ,1456,LGA,214,37997,4968,DCA,0,7,11,N704MQ,ontime
1700,MQ,1652,LGA,214,37997,4972,DCA,0,7,11,N737MQ,ontime
1900,MQ,1900,LGA,214,37997,4976,DCA,0,7,11,N734MQ,ontime
850,UA,848,LGA,229,37997,846,IAD,0,7,11,N588UA,ontime
900,US,858,LGA,214,37997,2164,DCA,0,7,11,N763UW,ontime
1000,US,957,LGA,214,37997,2166,DCA,0,7,11,N721UW,ontime
1100,US,1057,LGA,214,37997,2168,DCA,0,7,11,N722UW,ontime
1200,US,1202,LGA,214,37997,2170,DCA,0,7,11,N748UW,ontime
1300,US,1258,LGA,214,37997,2172,DCA,0,7,11,N763UW,ontime
1400,US,1350,LGA,214,37997,2174,DCA,0,7,11,N721UW,ontime
1500,US,1452,LGA,214,37997,2176,DCA,0,7,11,N722UW,ontime
1600,US,1556,LGA,214,37997,2178,DCA,0,7,11,N748UW,ontime
1700,US,1657,LGA,214,37997,2180,DCA,0,7,11,N763UW,ontime
1800,US,1753,LGA,214,37997,2182,DCA,0,7,11,N721UW,ontime
1900,US,1856,LGA,214,37997,2184,DCA,0,7,11,N722UW,ontime
2000,US,2002,LGA,214,37997,2186,DCA,0,7,11,N748UW,ontime
2100,US,2054,LGA,214,37997,2188,DCA,0,7,11,N763UW,ontime
1720,RU,1736,EWR,169,37997,3372,BWI,0,7,11,N12540,ontime
1030,RU,1029,EWR,169,37997,2303,BWI,0,7,11,N13990,ontime
1315,RU,1310,EWR,169,37997,2703,BWI,0,7,11,N12946,ontime
1455,RU,1450,EWR,169,37997,2403,BWI,0,7,11,N10575,ontime
1900,CO,1851,EWR,199,37997,816,DCA,0,7,11,N33608,ontime
1300,CO,1255,EWR,199,37997,1767,DCA,0,7,11,N11656,ontime
1630,CO,1623,EWR,199,37997,810,DCA,0,7,11,N19623,ontime
840,DH,835,EWR,213,37997,7299,IAD,0,7,11,N654BR,ontime
1710,DH,1700,EWR,213,37997,7302,IAD,0,7,11,N691BR,ontime
1245,DH,1241,EWR,213,37997,7303,IAD,0,7,11,N691BR,ontime
2120,DH,2113,EWR,213,37997,7304,IAD,0,7,11,N652BR,ontime
1430,DH,1531,EWR,213,37997,7307,IAD,0,7,11,N307UE,delayed
2130,RU,2130,EWR,199,37997,2879,DCA,0,7,11,N13123,ontime
845,RU,844,EWR,213,37997,2254,IAD,0,7,11,N13975,ontime
1700,RU,1656,EWR,213,37997,2497,IAD,0,7,11,N13969,ontime
1730,RU,1723,EWR,199,37997,2097,DCA,0,7,11,N16976,ontime
1359,RU,1356,EWR,199,37997,2216,DCA,0,7,11,N14993,ontime
930,RU,926,EWR,199,37997,2582,DCA,0,7,11,N13968,ontime
1500,RU,1501,EWR,213,37997,2156,IAD,0,7,11,N17115,ontime
1900,RU,1856,EWR,213,37997,2385,IAD,0,7,11,N17115,ontime
1455,OH,1450,JFK,184,37998,5935,BWI,0,1,12,N812CA,ontime
1640,DH,1640,JFK,213,37998,6155,DCA,0,1,12,N418FJ,ontime
1245,DH,1244,LGA,229,37998,7208,IAD,0,1,12,N320UE,ontime
1455,DH,1442,LGA,229,37998,7211,IAD,0,1,12,N676BR,ontime
1715,DH,1709,LGA,229,37998,7215,IAD,0,1,12,N645BR,ontime
2120,DH,2112,LGA,229,37998,7684,IAD,0,1,12,N702BR,ontime
640,DH,641,LGA,229,37998,7790,IAD,0,1,12,N676BR,delayed
1040,DH,1037,LGA,229,37998,7792,IAD,0,1,12,N676BR,ontime
840,DH,833,JFK,228,37998,7800,IAD,0,1,12,N677BR,ontime
1240,DH,1240,JFK,228,37998,7806,IAD,0,1,12,N309UE,ontime
1455,DH,1535,JFK,228,37998,7808,IAD,0,1,12,N321UE,delayed
1645,DH,1638,JFK,228,37998,7810,IAD,0,1,12,N315UE,ontime
1715,DH,1710,JFK,228,37998,7812,IAD,0,1,12,N327UE,ontime
2120,DH,2112,JFK,228,37998,7814,IAD,0,1,12,N659BR,ontime
1455,DL,1451,JFK,213,37998,746,DCA,0,1,12,N974DL,ontime
630,DL,630,LGA,214,37998,1740,DCA,0,1,12,N242DL,ontime
730,DL,733,LGA,214,37998,1742,DCA,0,1,12,N222DZ,ontime
830,DL,830,LGA,214,37998,1744,DCA,0,1,12,N241DL,ontime
930,DL,1004,LGA,214,37998,1746,DCA,0,1,12,N221DL,delayed
1030,DL,1028,LGA,214,37998,1748,DCA,0,1,12,N223DZ,ontime
1130,DL,1131,LGA,214,37998,1750,DCA,0,1,12,N222DZ,ontime
1230,DL,1230,LGA,214,37998,1752,DCA,0,1,12,N241DL,ontime
1330,DL,1328,LGA,214,37998,1754,DCA,0,1,12,N221DL,ontime
1430,DL,1432,LGA,214,37998,1756,DCA,0,1,12,N223DZ,ontime
1530,DL,1529,LGA,214,37998,1758,DCA,0,1,12,N222DZ,ontime
1630,DL,1630,LGA,214,37998,1760,DCA,0,1,12,N241DL,ontime
1730,DL,1728,LGA,214,37998,1762,DCA,0,1,12,N221DL,ontime
1830,DL,1830,LGA,214,37998,1764,DCA,0,1,12,N223DZ,ontime
1930,DL,1929,LGA,214,37998,1766,DCA,0,1,12,N222DZ,ontime
2030,DL,2029,LGA,214,37998,1768,DCA,0,1,12,N224DA,ontime
1530,MQ,1527,JFK,213,37998,4752,DCA,0,1,12,N705MQ,ontime
600,MQ,553,JFK,213,37998,4760,DCA,0,1,12,N717MQ,ontime
1830,MQ,1820,JFK,213,37998,4784,DCA,0,1,12,N704MQ,ontime
700,MQ,654,LGA,214,37998,4952,DCA,0,1,12,N801MQ,delayed
800,MQ,756,LGA,214,37998,4954,DCA,0,1,12,N713MQ,ontime
900,MQ,855,LGA,214,37998,4956,DCA,0,1,12,N705MQ,ontime
1100,MQ,1053,LGA,214,37998,4960,DCA,0,1,12,N725MQ,ontime
1300,MQ,1258,LGA,214,37998,4964,DCA,0,1,12,N711MQ,ontime
1500,MQ,1450,LGA,214,37998,4968,DCA,0,1,12,N704MQ,ontime
1600,MQ,1552,LGA,214,37998,4970,DCA,0,1,12,N725MQ,ontime
1700,MQ,1647,LGA,214,37998,4972,DCA,0,1,12,N726MQ,ontime
1900,MQ,1903,LGA,214,37998,4976,DCA,0,1,12,N739MQ,ontime
850,UA,848,LGA,229,37998,846,IAD,0,1,12,N562UA,ontime
630,US,628,LGA,214,37998,1479,DCA,0,1,12,N721UW,ontime
700,US,657,LGA,214,37998,2160,DCA,0,1,12,N762UW,delayed
800,US,758,LGA,214,37998,2162,DCA,0,1,12,N722UW,ontime
900,US,857,LGA,214,37998,2164,DCA,0,1,12,N708UW,ontime
1000,US,955,LGA,214,37998,2166,DCA,0,1,12,N724UW,ontime
1100,US,1058,LGA,214,37998,2168,DCA,0,1,12,N762UW,delayed
1200,US,1156,LGA,214,37998,2170,DCA,0,1,12,N722UW,ontime
1300,US,1256,LGA,214,37998,2172,DCA,0,1,12,N708UW,ontime
1400,US,1358,LGA,214,37998,2174,DCA,0,1,12,N724UW,ontime
1500,US,1458,LGA,214,37998,2176,DCA,0,1,12,N762UW,ontime
1600,US,1559,LGA,214,37998,2178,DCA,0,1,12,N722UW,ontime
1700,US,1656,LGA,214,37998,2180,DCA,0,1,12,N708UW,delayed
1800,US,1756,LGA,214,37998,2182,DCA,0,1,12,N724UW,ontime
1900,US,1858,LGA,214,37998,2184,DCA,0,1,12,N762UW,ontime
2000,US,1958,LGA,214,37998,2186,DCA,0,1,12,N722UW,ontime
2100,US,2056,LGA,214,37998,2188,DCA,0,1,12,N708UW,ontime
700,RU,656,EWR,169,37998,2703,BWI,0,1,12,N16976,ontime
1455,RU,1509,EWR,169,37998,2403,BWI,0,1,12,N15926,delayed
1720,RU,1720,EWR,169,37998,3372,BWI,0,1,12,N12552,ontime
1030,RU,1040,EWR,169,37998,2303,BWI,0,1,12,N12540,ontime
735,CO,729,EWR,199,37998,806,DCA,0,1,12,N32626,ontime
1300,CO,1257,EWR,199,37998,808,DCA,0,1,12,N23657,ontime
1730,CO,1732,EWR,199,37998,814,DCA,0,1,12,N61304,delayed
1900,CO,1852,EWR,199,37998,816,DCA,0,1,12,N15659,ontime
840,DH,831,EWR,213,37998,7299,IAD,0,1,12,N664BR,ontime
1710,DH,1710,EWR,213,37998,7302,IAD,0,1,12,N695BR,ontime
1245,DH,1359,EWR,213,37998,7303,IAD,0,1,12,N695BR,delayed
2120,DH,2112,EWR,213,37998,7304,IAD,0,1,12,N333UE,ontime
630,DH,622,EWR,213,37998,7305,IAD,0,1,12,N327UE,ontime
1430,DH,1421,EWR,213,37998,7307,IAD,0,1,12,N332UE,ontime
1359,RU,1348,EWR,199,37998,2216,DCA,0,1,12,N12540,ontime
900,RU,858,EWR,199,37998,2582,DCA,0,1,12,N19554,ontime
1525,RU,1519,EWR,199,37998,2261,DCA,0,1,12,N16976,ontime
1700,RU,1649,EWR,213,37998,2497,IAD,0,1,12,N12567,ontime
1900,RU,1857,EWR,213,37998,2385,IAD,0,1,12,N16976,ontime
2100,RU,2056,EWR,199,37998,2879,DCA,0,1,12,N16927,ontime
1300,RU,1253,EWR,213,37998,2692,IAD,0,1,12,N17507,ontime
645,RU,651,EWR,199,37998,2761,DCA,0,1,12,N21537,ontime
1630,RU,1622,EWR,199,37998,2181,DCA,0,1,12,N16963,ontime
700,RU,657,EWR,213,37998,2855,IAD,0,1,12,N12996,ontime
1500,RU,1456,EWR,213,37998,2156,IAD,0,1,12,N41104,ontime
1455,OH,1453,JFK,184,37999,5935,BWI,0,2,13,N967CA,ontime
1640,DH,1639,JFK,213,37999,6155,DCA,0,2,13,N426FJ,ontime
1245,DH,1238,LGA,229,37999,7208,IAD,0,2,13,N328UE,ontime
1715,DH,1922,LGA,229,37999,7215,IAD,0,2,13,N642BR,delayed
2120,DH,2124,LGA,229,37999,7684,IAD,0,2,13,N648BR,ontime
640,DH,655,LGA,229,37999,7790,IAD,0,2,13,N690BR,delayed
1040,DH,1038,LGA,229,37999,7792,IAD,0,2,13,N690BR,ontime
840,DH,833,JFK,228,37999,7800,IAD,0,2,13,N628BR,ontime
1240,DH,1236,JFK,228,37999,7806,IAD,0,2,13,N327UE,ontime
1455,DH,1450,JFK,228,37999,7808,IAD,0,2,13,N316UE,ontime
1645,DH,1640,JFK,228,37999,7810,IAD,0,2,13,N331UE,ontime
1715,DH,1713,JFK,228,37999,7812,IAD,0,2,13,N330UE,ontime
2120,DH,2125,JFK,228,37999,7814,IAD,0,2,13,N625BR,ontime
1610,DH,1642,JFK,228,37999,7816,IAD,0,2,13,N328UE,delayed
1455,DL,1453,JFK,213,37999,746,DCA,0,2,13,N904DE,ontime
630,DL,629,LGA,214,37999,1740,DCA,0,2,13,N223DZ,ontime
730,DL,729,LGA,214,37999,1742,DCA,0,2,13,N221DL,ontime
830,DL,831,LGA,214,37999,1744,DCA,0,2,13,N222DZ,ontime
930,DL,929,LGA,214,37999,1746,DCA,0,2,13,N224DA,ontime
1030,DL,1029,LGA,214,37999,1748,DCA,0,2,13,N223DZ,ontime
1130,DL,1128,LGA,214,37999,1750,DCA,0,2,13,N221DL,ontime
1230,DL,1228,LGA,214,37999,1752,DCA,0,2,13,N222DZ,ontime
1330,DL,1329,LGA,214,37999,1754,DCA,0,2,13,N224DA,ontime
1430,DL,1429,LGA,214,37999,1756,DCA,0,2,13,N223DZ,ontime
1530,DL,1529,LGA,214,37999,1758,DCA,0,2,13,N221DL,ontime
1630,DL,1634,LGA,214,37999,1760,DCA,0,2,13,N222DZ,delayed
1730,DL,1733,LGA,214,37999,1762,DCA,0,2,13,N224DA,ontime
1830,DL,1830,LGA,214,37999,1764,DCA,0,2,13,N223DZ,ontime
1930,DL,1930,LGA,214,37999,1766,DCA,0,2,13,N221DL,ontime
2030,DL,2028,LGA,214,37999,1768,DCA,0,2,13,N222DZ,delayed
1530,MQ,1516,JFK,213,37999,4752,DCA,0,2,13,N709MQ,ontime
600,MQ,553,JFK,213,37999,4760,DCA,0,2,13,N707MQ,ontime
1830,MQ,1851,JFK,213,37999,4784,DCA,0,2,13,N700MQ,delayed
700,MQ,650,LGA,214,37999,4952,DCA,0,2,13,N715MQ,ontime
800,MQ,755,LGA,214,37999,4954,DCA,0,2,13,N724MQ,ontime
900,MQ,851,LGA,214,37999,4956,DCA,0,2,13,N709MQ,ontime
1100,MQ,1050,LGA,214,37999,4960,DCA,0,2,13,N715MQ,ontime
1300,MQ,1248,LGA,214,37999,4964,DCA,0,2,13,N736MQ,ontime
1400,MQ,1401,LGA,214,37999,4966,DCA,0,2,13,N733MQ,ontime
1500,MQ,1453,LGA,214,37999,4968,DCA,0,2,13,N704MQ,ontime
1600,MQ,1700,LGA,214,37999,4970,DCA,0,2,13,N703MQ,delayed
1700,MQ,1811,LGA,214,37999,4972,DCA,0,2,13,N727MQ,delayed
1900,MQ,2007,LGA,214,37999,4976,DCA,0,2,13,N846MQ,delayed
850,UA,845,LGA,229,37999,846,IAD,0,2,13,N514UA,ontime
630,US,629,LGA,214,37999,1479,DCA,0,2,13,N730UW,ontime
700,US,658,LGA,214,37999,2160,DCA,0,2,13,N756UW,ontime
800,US,756,LGA,214,37999,2162,DCA,0,2,13,N741UW,ontime
900,US,857,LGA,214,37999,2164,DCA,0,2,13,N737UW,ontime
1000,US,958,LGA,214,37999,2166,DCA,0,2,13,N722UW,ontime
1100,US,1057,LGA,214,37999,2168,DCA,0,2,13,N756UW,ontime
1200,US,1156,LGA,214,37999,2170,DCA,0,2,13,N741UW,ontime
1300,US,1255,LGA,214,37999,2172,DCA,0,2,13,N737UW,ontime
1400,US,1359,LGA,214,37999,2174,DCA,0,2,13,N722UW,ontime
1500,US,1459,LGA,214,37999,2176,DCA,0,2,13,N756UW,ontime
1600,US,1558,LGA,214,37999,2178,DCA,0,2,13,N741UW,delayed
1700,US,1706,LGA,214,37999,2180,DCA,0,2,13,N748UW,ontime
1800,US,1759,LGA,214,37999,2182,DCA,0,2,13,N722UW,ontime
1900,US,1857,LGA,214,37999,2184,DCA,0,2,13,N756UW,ontime
2000,US,1956,LGA,214,37999,2186,DCA,0,2,13,N741UW,ontime
2100,US,2056,LGA,214,37999,2188,DCA,0,2,13,N746UW,ontime
1030,RU,1025,EWR,169,37999,2303,BWI,0,2,13,N14542,ontime
1720,RU,1831,EWR,169,37999,3372,BWI,0,2,13,N14542,delayed
700,RU,653,EWR,169,37999,2703,BWI,0,2,13,N12530,ontime
1455,RU,1537,EWR,169,37999,2403,BWI,0,2,13,N13990,delayed
735,CO,729,EWR,199,37999,806,DCA,0,2,13,N16632,ontime
1730,CO,1816,EWR,199,37999,814,DCA,0,2,13,N14337,delayed
1900,CO,1924,EWR,199,37999,816,DCA,0,2,13,N16632,delayed
1300,CO,1258,EWR,199,37999,808,DCA,0,2,13,N16646,ontime
840,DH,836,EWR,213,37999,7299,IAD,0,2,13,N658BR,ontime
1710,DH,1708,EWR,213,37999,7302,IAD,0,2,13,N693BR,ontime
1245,DH,1237,EWR,213,37999,7303,IAD,0,2,13,N693BR,ontime
2120,DH,2115,EWR,213,37999,7304,IAD,0,2,13,N698BR,ontime
630,DH,626,EWR,213,37999,7305,IAD,0,2,13,N312UE,ontime
1430,DH,1740,EWR,213,37999,7307,IAD,0,2,13,N308UE,delayed
1300,RU,1255,EWR,213,37999,2367,IAD,0,2,13,N14974,ontime
700,RU,655,EWR,213,37999,2855,IAD,0,2,13,N17560,ontime
1500,RU,1456,EWR,213,37999,2156,IAD,0,2,13,N16149,ontime
1700,RU,1655,EWR,213,37999,2497,IAD,0,2,13,N12922,ontime
1359,RU,1355,EWR,199,37999,2216,DCA,0,2,13,N14542,ontime
1900,RU,1927,EWR,213,37999,2385,IAD,0,2,13,N15983,delayed
1525,RU,1519,EWR,199,37999,2261,DCA,0,2,13,N19554,ontime
645,RU,641,EWR,199,37999,2761,DCA,0,2,13,N24103,ontime
1630,RU,1625,EWR,199,37999,2181,DCA,0,2,13,N14974,ontime
900,RU,855,EWR,199,37999,2582,DCA,0,2,13,N12552,ontime
2100,RU,2055,EWR,199,37999,2879,DCA,0,2,13,N26549,ontime
1455,OH,1500,JFK,184,38000,5935,BWI,0,3,14,N796CA,ontime
1640,DH,1630,JFK,213,38000,6155,DCA,0,3,14,N415FJ,ontime
1245,DH,1243,LGA,229,38000,7208,IAD,0,3,14,N679BR,ontime
1715,DH,1722,LGA,229,38000,7215,IAD,0,3,14,N684BR,ontime
2120,DH,2118,LGA,229,38000,7684,IAD,0,3,14,N673BR,ontime
640,DH,640,LGA,229,38000,7790,IAD,0,3,14,N687BR,ontime
1040,DH,1034,LGA,229,38000,7792,IAD,0,3,14,N315UE,ontime
840,DH,844,JFK,228,38000,7800,IAD,0,3,14,N642BR,ontime
1240,DH,1243,JFK,228,38000,7806,IAD,0,3,14,N330UE,ontime
1455,DH,1450,JFK,228,38000,7808,IAD,0,3,14,N309UE,ontime
1645,DH,1640,JFK,228,38000,7810,IAD,0,3,14,N332UE,ontime
1715,DH,1714,JFK,228,38000,7812,IAD,0,3,14,N333UE,ontime
2120,DH,2119,JFK,228,38000,7814,IAD,0,3,14,N625BR,ontime
1610,DH,1631,JFK,228,38000,7816,IAD,0,3,14,N315UE,ontime
1455,DL,1454,JFK,213,38000,746,DCA,0,3,14,N987DL,ontime
630,DL,631,LGA,214,38000,1740,DCA,0,3,14,N223DZ,ontime
730,DL,730,LGA,214,38000,1742,DCA,0,3,14,N224DA,ontime
830,DL,829,LGA,214,38000,1744,DCA,0,3,14,N231DN,ontime
930,DL,929,LGA,214,38000,1746,DCA,0,3,14,N221DL,ontime
1030,DL,1029,LGA,214,38000,1748,DCA,0,3,14,N223DZ,ontime
1130,DL,1132,LGA,214,38000,1750,DCA,0,3,14,N224DA,delayed
1230,DL,1230,LGA,214,38000,1752,DCA,0,3,14,N231DN,ontime
1330,DL,1329,LGA,214,38000,1754,DCA,0,3,14,N221DL,ontime
1430,DL,1431,LGA,214,38000,1756,DCA,0,3,14,N223DZ,ontime
1530,DL,1530,LGA,214,38000,1758,DCA,0,3,14,N224DA,delayed
1630,DL,1631,LGA,214,38000,1760,DCA,0,3,14,N231DN,ontime
1730,DL,1728,LGA,214,38000,1762,DCA,0,3,14,N221DL,ontime
1830,DL,1829,LGA,214,38000,1764,DCA,0,3,14,N223DZ,ontime
1930,DL,1928,LGA,214,38000,1766,DCA,0,3,14,N224DA,delayed
2030,DL,2030,LGA,214,38000,1768,DCA,0,3,14,N231DN,delayed
1530,MQ,1526,JFK,213,38000,4752,DCA,0,3,14,N813MQ,ontime
600,MQ,553,JFK,213,38000,4760,DCA,0,3,14,N843MQ,ontime
1830,MQ,1825,JFK,213,38000,4784,DCA,0,3,14,N728MQ,ontime
700,MQ,657,LGA,214,38000,4952,DCA,0,3,14,N707MQ,delayed
800,MQ,757,LGA,214,38000,4954,DCA,0,3,14,N734MQ,ontime
900,MQ,853,LGA,214,38000,4956,DCA,0,3,14,N721MQ,ontime
1100,MQ,1111,LGA,214,38000,4960,DCA,0,3,14,N707MQ,delayed
1300,MQ,1255,LGA,214,38000,4964,DCA,0,3,14,N724MQ,ontime
1500,MQ,1454,LGA,214,38000,4968,DCA,0,3,14,N728MQ,ontime
1600,MQ,1612,LGA,214,38000,4970,DCA,0,3,14,N723MQ,ontime
1700,MQ,1658,LGA,214,38000,4972,DCA,0,3,14,N724MQ,ontime
1900,MQ,1917,LGA,214,38000,4976,DCA,0,3,14,N726MQ,ontime
850,UA,847,LGA,229,38000,846,IAD,0,3,14,N533UA,ontime
630,US,627,LGA,214,38000,1479,DCA,0,3,14,N737UW,ontime
700,US,657,LGA,214,38000,2160,DCA,0,3,14,N748UW,ontime
800,US,757,LGA,214,38000,2162,DCA,0,3,14,N756UW,ontime
900,US,856,LGA,214,38000,2164,DCA,0,3,14,N739UW,ontime
1000,US,1001,LGA,214,38000,2166,DCA,0,3,14,N707UW,ontime
1100,US,1057,LGA,214,38000,2168,DCA,0,3,14,N748UW,ontime
1200,US,1157,LGA,214,38000,2170,DCA,0,3,14,N756UW,ontime
1300,US,1257,LGA,214,38000,2172,DCA,0,3,14,N739UW,ontime
1400,US,1356,LGA,214,38000,2174,DCA,0,3,14,N707UW,ontime
1500,US,1500,LGA,214,38000,2176,DCA,0,3,14,N748UW,ontime
1600,US,1559,LGA,214,38000,2178,DCA,0,3,14,N756UW,ontime
1700,US,1653,LGA,214,38000,2180,DCA,0,3,14,N739UW,ontime
1800,US,1757,LGA,214,38000,2182,DCA,0,3,14,N707UW,ontime
1900,US,1858,LGA,214,38000,2184,DCA,0,3,14,N748UW,ontime
2000,US,1959,LGA,214,38000,2186,DCA,0,3,14,N756UW,delayed
2100,US,2059,LGA,214,38000,2188,DCA,0,3,14,N739UW,ontime
700,RU,655,EWR,169,38000,2703,BWI,0,3,14,N14542,ontime
1455,RU,1449,EWR,169,38000,2403,BWI,0,3,14,N14570,ontime
1720,RU,1722,EWR,169,38000,3372,BWI,0,3,14,N14974,ontime
1030,RU,1035,EWR,169,38000,2303,BWI,0,3,14,N12921,ontime
1300,CO,1257,EWR,199,38000,808,DCA,0,3,14,N11612,ontime
1900,CO,1915,EWR,199,38000,816,DCA,0,3,14,N14667,ontime
735,CO,731,EWR,199,38000,806,DCA,0,3,14,N14667,ontime
1730,CO,1745,EWR,199,38000,814,DCA,0,3,14,N39343,delayed
840,DH,848,EWR,213,38000,7299,IAD,0,3,14,N658BR,ontime
1710,DH,1703,EWR,213,38000,7302,IAD,0,3,14,N693BR,ontime
1245,DH,1245,EWR,213,38000,7303,IAD,0,3,14,N693BR,ontime
2120,DH,2330,EWR,213,38000,7304,IAD,0,3,14,N629BR,delayed
630,DH,629,EWR,213,38000,7305,IAD,0,3,14,N301UE,ontime
1430,DH,1502,EWR,213,38000,7307,IAD,0,3,14,N324UE,delayed
700,RU,656,EWR,213,38000,2855,IAD,0,3,14,N13949,ontime
1700,RU,1703,EWR,213,38000,2497,IAD,0,3,14,N15555,ontime
900,RU,856,EWR,199,38000,2582,DCA,0,3,14,N13995,ontime
1359,RU,1355,EWR,199,38000,2216,DCA,0,3,14,N12921,ontime
645,RU,643,EWR,199,38000,2761,DCA,0,3,14,N14148,ontime
1500,RU,1456,EWR,213,38000,2156,IAD,0,3,14,N34111,ontime
1630,RU,1625,EWR,199,38000,2181,DCA,0,3,14,N17560,ontime
1900,RU,1858,EWR,213,38000,2385,IAD,0,3,14,N34111,ontime
1300,RU,1255,EWR,213,38000,2367,IAD,0,3,14,N17560,ontime
1525,RU,1524,EWR,199,38000,2261,DCA,0,3,14,N13964,ontime
2100,RU,2100,EWR,199,38000,2879,DCA,0,3,14,N16911,ontime