,,ip,mfg,mfgd,mfgn,min,util,p,mat
1947,1,21.4,20.4,19.1,21.6,54.8,10,21,21.7
1947,2,21.5,20.4,19.4,21.5,55.4,10.1,21,21.8
1947,3,21.7,20.5,19.6,21.5,56.4,10.2,21.1,22.6
1947,4,21.5,20.6,19.8,21.3,51.7,10.4,21.1,22
1947,5,21.6,20.4,19.8,21.1,55.9,10.6,21.2,22.1
1947,6,21.6,20.4,19.9,21,55.5,10.6,21.1,21.9
1947,7,21.5,20.3,19.4,21.2,56.3,10.7,21.1,21.7
1947,8,21.6,20.4,19.4,21.3,57.3,10.8,21.2,21.6
1947,9,21.7,20.5,19.7,21.4,57.9,10.9,21.4,21.9
1947,10,22,20.8,19.8,21.8,57.7,11,21.7,22.1
1947,11,22.3,21.1,20.1,22,58.2,11.1,22,22.6
1947,12,22.3,21.1,20.2,22,58.1,11.2,22.1,22.3
1948,1,22.5,21.2,20.4,22,58.9,11.4,22.2,22.4
1948,2,22.5,21.2,20.2,22.2,59,11.4,22.2,22.6
1948,3,22.3,21.2,20.4,22,53.2,11.7,22.2,22.3
1948,4,22.3,21.2,20.1,22.3,54.5,11.6,22.1,22.2
1948,5,22.7,21.4,20.4,22.4,61.3,11.7,22.1,23.3
1948,6,23,21.6,20.6,22.5,61.3,11.8,22.3,23.4
1948,7,23,21.6,21,22.4,61.3,11.9,22.4,23.5
1948,8,22.9,21.5,20.9,22.2,61.1,12,22.4,23.2
1948,9,22.7,21.4,20.7,22.1,59.8,12.2,22.2,23.3
1948,10,22.9,21.5,20.9,22.1,60.5,12.3,22.4,23.3
1948,11,22.6,21.2,20.6,21.9,59.6,12.4,22.2,23.1
1948,12,22.4,21.1,20.2,21.8,59.5,12.4,22,23
1949,1,22.2,20.8,19.9,21.7,58,12.3,21.6,22.6
1949,2,22,20.6,19.6,21.7,57.8,12.4,21.4,22.4
1949,3,21.5,20.4,19.3,21.6,52.4,12.4,21.4,21.5
1949,4,21.4,20,18.9,21.2,57.1,12.4,21.3,21.2
1949,5,21.1,19.8,18.4,21.2,56.1,12.4,21.3,20.6
1949,6,21.1,19.8,18.4,21.4,52.2,12.6,21.2,20.3
1949,7,21,19.9,18.4,21.4,50.9,12.7,21.3,20.3
1949,8,21.2,20.1,18.6,21.7,50.7,12.9,21.4,20.6
1949,9,21.5,20.5,19,22.2,45.8,12.9,21.7,20.9
1949,10,20.7,19.7,17.2,22.5,43.1,12.9,21.5,18.8
1949,11,21.2,19.9,17.5,22.4,54.1,13.1,21.4,20.6
1949,12,21.6,20.4,18.4,22.5,52.1,13.4,21.3,21.5
1950,1,22,20.8,19.1,22.7,51,13.5,21.9,21.7
1950,2,22,21,19.3,22.9,47,13.6,22.2,21.3
1950,3,22.8,21.4,19.8,23.1,58.2,13.9,22.6,22.8
1950,4,23.5,22.3,21,23.5,57.4,14,23.3,23.7
1950,5,24.1,22.9,22,23.7,57.7,14.3,23.7,24.4
1950,6,24.8,23.5,23.1,24,59.5,14.4,24.5,25.3
1950,7,25.6,24.3,23.9,24.7,60.6,14.5,25.2,26
1950,8,26.4,25.2,24.9,25.3,61.9,14.6,26,26.8
1950,9,26.2,24.9,24.7,25.1,62.8,14.7,25.6,27.1
1950,10,26.4,25.1,24.9,25.2,63,15.1,25.7,27.4
1950,11,26.3,25.1,24.9,25.1,61.7,15.1,25.7,27.1
1950,12,26.8,25.5,25.2,25.7,62.4,15.3,26.1,27.6
1951,1,26.9,25.6,25.3,25.8,63.3,15.6,26.4,27.3
1951,2,27.1,25.7,25.6,25.8,62.2,15.8,26.5,27.4
1951,3,27.2,25.8,25.9,25.6,62.8,16,26.6,28
1951,4,27.2,25.9,26.1,25.6,63.6,16.3,26.5,28.2
1951,5,27.1,25.7,25.9,25.5,63.9,16.3,26.4,28.4
1951,6,27,25.6,25.8,25.3,64,16.5,26.2,28.5
1951,7,26.6,25.1,25.2,25,64.1,16.5,25.7,28
1951,8,26.3,24.9,25,24.5,64.7,16.7,25.4,27.6
1951,9,26.5,25,25.3,24.5,65.1,16.8,25.7,27.7
1951,10,26.5,24.9,25.3,24.2,66.3,16.8,25.7,27.3
1951,11,26.7,25.1,25.7,24.5,65.8,17.1,26.1,27.4
1951,12,26.8,25.3,25.9,24.6,65.6,17.1,26.2,27.5
1952,1,27.1,25.5,26.2,24.8,66,17.3,26.6,28.1
1952,2,27.3,25.7,26.4,24.9,66.7,17.4,26.8,27.9
1952,3,27.4,25.8,26.5,24.8,66.3,17.5,26.9,27.9
1952,4,27.1,25.6,26.2,24.9,65.6,17.4,26.8,27.3
1952,5,26.9,25.5,26.4,24.6,58.5,17.4,26.9,27
1952,6,26.6,25.3,25.1,25.3,59,17.5,27.4,25.4
1952,7,26.2,24.7,24,25.5,58.7,17.7,26.9,24.9
1952,8,27.9,26.5,27.1,25.8,62.5,18,27.5,28
1952,9,28.9,27.4,28.4,26,67.1,18.3,28.1,29.9
1952,10,29.2,27.8,29,26.3,62.7,18.5,28.5,29.7
1952,11,29.8,28.3,29.8,26.6,66.9,18.6,29,30.6
1952,12,30,28.5,30.2,26.7,65.4,18.7,29.1,30.7
1953,1,30,28.7,30.7,26.4,64.6,18.7,29.4,30.5
1953,2,30.2,28.9,30.9,26.7,64.1,18.7,29.7,31.2
1953,3,30.5,29.1,31.3,26.8,64.5,18.9,29.8,31.6
1953,4,30.6,29.3,31.4,26.9,64.9,19.1,29.8,31.9
1953,5,30.8,29.4,31.4,27.1,65.8,19.4,29.9,32.5
1953,6,30.6,29.2,31.2,26.9,66.4,19.6,29.6,32.6
1953,7,31,29.4,31.6,26.9,67.2,19.7,29.8,32.9
1953,8,30.8,29.3,31.5,26.7,67.7,19.7,29.7,32.1
1953,9,30.2,28.7,30.6,26.5,67,19.7,29.3,31.3
1953,10,30,28.4,30.3,26.3,65.2,19.8,29.3,30.3
1953,11,29.2,27.7,29.1,26.1,64.2,19.6,28.6,29.5
1953,12,28.5,27,28.2,25.7,63.5,19.6,28.1,28.8
1954,1,28.3,26.8,27.5,26,63.2,20.1,28.1,28.5
1954,2,28.4,26.7,27.3,26.2,63.3,20.1,28.1,28.5
1954,3,28.2,26.6,26.9,26.3,63.3,20.3,28.1,28.2
1954,4,28.1,26.4,26.7,26.3,63.3,20.5,27.9,28.1
1954,5,28.2,26.6,26.8,26.4,64.2,20.5,27.9,28.5
1954,6,28.3,26.7,26.9,26.6,65.5,20.7,27.9,28.8
1954,7,28.4,26.6,26.6,26.7,65.4,20.8,27.8,29
1954,8,28.3,26.5,26.6,26.7,63.7,20.9,27.8,28.8
1954,9,28.4,26.7,26.5,27,62.8,21.1,28.1,28.6
1954,10,28.7,27,26.9,27.2,63.5,21.5,28.3,29.2
1954,11,29.2,27.4,27.5,27.6,64.7,21.7,28.6,29.7
1954,12,29.5,27.8,27.9,28,65.5,21.9,28.9,30.3
1955,1,30.2,28.5,28.7,28.3,67.4,21.8,29.4,31.3
1955,2,30.6,28.8,29.2,28.5,68.8,22.3,29.6,32.1
1955,3,31.3,29.5,30,29.1,68.6,22.6,30.1,32.9
1955,4,31.7,29.9,30.5,29.3,70,22.8,30.4,33.6
1955,5,32.2,30.4,31.1,29.7,70.4,22.9,30.8,34.2
1955,6,32.2,30.5,31.2,29.8,71.4,23,30.8,34.3
1955,7,32.5,30.6,31.4,29.8,71.5,23.1,30.8,34.7
1955,8,32.5,30.6,31.5,29.5,72.4,23.6,30.8,34.7
1955,9,32.7,30.8,31.5,30,73,24,31.1,35.1
1955,10,33.2,31.2,32,30.4,74.2,24.2,31.6,35.5
1955,11,33.3,31.3,31.8,30.8,74.5,24.4,31.8,35.3
1955,12,33.4,31.7,32.1,31.1,74.3,24.7,32,35.6
1956,1,33.6,31.5,32,31.1,74.5,24.8,32.1,35.7
1956,2,33.3,31.4,31.7,31.1,74,25.1,32.2,35
1956,3,33.3,31.3,31.7,31,75.1,25.2,32.2,34.9
1956,4,33.6,31.8,32.4,31.2,76.7,25.4,32.5,35.2
1956,5,33.3,31.4,31.7,31,75.6,25.8,32.3,34.5
1956,6,33,31.1,31.6,30.8,75.6,25.7,32.2,34.1
1956,7,32,29.9,29.1,31,71.5,25.6,32.1,31.3
1956,8,33.3,31.2,31.4,31.2,75.2,25.5,32.5,34.2
1956,9,34.1,31.8,32.3,31.2,76.1,25.6,32.6,36
1956,10,34.3,32.1,32.7,31.5,76.3,25.8,32.8,36.6
1956,11,34.1,31.9,32.6,31.3,76.4,26,32.8,35.8
1956,12,34.6,32.4,33.2,31.6,75.2,26.1,33.3,36.4
1957,1,34.4,32.3,33,31.6,75.5,26.4,33.4,35.7
1957,2,34.8,32.7,33.4,31.9,76.8,26.7,33.8,35.9
1957,3,34.7,32.6,33.2,32,77.5,26.7,33.8,35.8
1957,4,34.3,32.2,32.7,31.6,77,27,33.4,35.3
1957,5,34.1,32,32.2,31.7,76.5,27.2,33.3,35.2
1957,6,34.2,32.2,32.8,31.6,75.8,27.2,33.4,35.3
1957,7,34.4,32.2,32.6,31.9,76.1,27.6,33.5,35.6
1957,8,34.4,32.3,32.7,31.9,76,27.8,33.6,35.6
1957,9,34.1,32,32.1,32,75.1,27.5,33.4,35.2
1957,10,33.6,31.4,31.4,31.6,74,27.6,32.8,34.6
1957,11,32.8,30.7,30.4,31.3,71.8,28,32.3,33.4
1957,12,32.2,30.1,29.3,31.3,71.1,27.9,32,32.3
1958,1,31.6,29.5,28.4,31.1,69.8,27.9,31.6,31.3
1958,2,30.9,28.8,27.4,30.9,68.9,28.1,31.2,30.3
1958,3,30.6,28.5,26.9,30.8,65.5,28.1,30.9,29.5
1958,4,30,28,26.3,30.6,64.2,27.9,30.7,28.8
1958,5,30.3,28.3,26.5,31,64.1,28,30.9,29.1
1958,6,31.1,29.2,27.5,31.7,66.6,28.3,31.6,30.4
1958,7,31.6,29.4,27.7,32,68.7,28.4,31.7,31.2
1958,8,32.2,30.1,28.3,32.5,71.2,28.7,32.1,32.1
1958,9,32.5,30.3,28.7,32.7,72.4,29,32.1,32.9
1958,10,32.9,30.5,28.8,33,72.3,29.2,32.3,33.5
1958,11,33.9,31.6,30.5,33.4,72.1,29.4,33.4,34.4
1958,12,33.9,31.7,30.6,33.4,72.5,29.8,33.5,34.5
1959,1,34.4,32.3,31.2,34,72.4,30.2,33.8,35.1
1959,2,35.1,32.9,31.8,34.5,72.8,30.4,34.3,36.2
1959,3,35.6,33.4,32.5,34.6,73,30.7,34.5,37.1
1959,4,36.4,34.1,33.5,35,75.1,30.9,35,38.2
1959,5,36.9,34.6,34.2,35.2,76.8,31.3,35.3,39.1
1959,6,37,34.6,34.5,35,75.3,31.6,35.5,38.9
1959,7,36.1,34,32.9,35.6,71.8,31.8,35.6,36.6
1959,8,34.9,32.6,30.7,35.5,68,31.5,35.3,33.8
1959,9,34.8,32.5,30.4,35.7,67.6,32,35.2,33.8
1959,10,34.6,32.3,30.3,35.3,68,31.9,35.1,33.4
1959,11,34.8,32.5,30.6,35.3,72.5,32.2,34.7,34.7
1959,12,36.9,34.7,34,35.8,74,32.8,35.7,38.5
1960,1,37.9,35.7,35.3,36.3,72.6,32.9,36.6,39.6
1960,2,37.5,35.4,35,36,73.2,33.2,36.4,39.1
1960,3,37.2,35,34.2,36.2,73.6,33.7,36.3,38.4
1960,4,36.9,34.7,33.6,36.2,75.5,33.6,36.4,37.5
1960,5,36.9,34.5,33.4,36.3,74.6,33.3,36.6,37.2
1960,6,36.4,34.1,32.7,36.1,73.9,33.5,36.2,36.6
1960,7,36.3,34,32.6,36.2,73.3,33.6,36,36.6
1960,8,36.2,33.8,32.5,35.8,74,33.8,35.9,36.5
1960,9,35.9,33.5,32,35.7,73.3,34,35.6,35.9
1960,10,35.8,33.5,31.9,35.8,73,33.9,35.8,35.7
1960,11,35.3,32.8,31.1,35.5,72.8,34,35.4,34.8
1960,12,34.6,32.3,30.1,35.3,72.7,34.1,34.9,33.8
1961,1,34.7,32.3,30.1,35.5,72.6,34.1,34.9,34.1
1961,2,34.6,32.1,29.9,35.7,72.3,34.2,34.9,33.9
1961,3,34.9,32.4,30,36,72.8,34.3,35.1,34.2
1961,4,35.6,33.1,31,36.4,72.6,34.8,35.6,35.2
1961,5,36.1,33.6,31.7,36.6,72.7,35.6,35.9,36.3
1961,6,36.6,34.2,32.2,37,73.3,35.4,36.2,36.8
1961,7,37,34.6,32.8,37.2,73.6,35.4,36.5,37.3
1961,8,37.4,35.1,33.5,37.5,74.9,36,36.8,38.1
1961,9,37.3,34.8,33,37.5,74.8,36.3,36.7,38.2
1961,10,38.1,35.5,33.7,38.2,76.4,36.6,37.3,38.8
1961,11,38.6,36.1,34.5,38.7,76.6,36.6,37.9,39.4
1961,12,39,36.6,35.1,38.9,76.5,36.8,38.2,39.9
1962,1,38.6,36.1,34.6,38.4,75.9,37.4,37.9,39.6
1962,2,39.3,36.7,35.3,38.9,76.3,37.2,38.4,40.3
1962,3,39.5,37,35.5,39.2,76.7,37.5,38.7,40.3
1962,4,39.6,37.1,35.8,39.1,76.3,37.4,38.9,40.3
1962,5,39.5,37,35.5,39.3,75.9,38,39.2,39.7
1962,6,39.4,36.9,35.3,39.3,75.9,38.3,39.2,39.6
1962,7,39.8,37.3,35.7,39.5,76.3,38.6,39.6,39.9
1962,8,39.9,37.4,36,39.4,77,38.4,39.6,40
1962,9,40.1,37.6,36.3,39.7,76.8,38.5,39.8,40.3
1962,10,40.2,37.6,36.3,39.5,75.9,38.8,39.7,40.3
1962,11,40.3,37.9,36.5,39.8,76.3,39.2,39.9,40.7
1962,12,40.3,37.9,36.6,39.9,75.3,39.2,40,40.5
1963,1,40.6,38.2,36.9,40.1,76.4,40,40.4,40.6
1963,2,41.1,38.5,37.1,40.5,78,40.5,40.7,41.2
1963,3,41.3,38.7,37.3,40.9,78.2,40.2,40.7,41.8
1963,4,41.7,39.2,37.8,41.3,78.2,40.1,41.2,42.2
1963,5,42.2,39.6,38.3,41.5,80.1,40.5,41.4,43.2
1963,6,42.4,39.7,38.5,41.5,79.3,40.8,41.4,43.4
1963,7,42.2,39.5,38.3,41.4,80.2,40.5,41.4,42.9
1963,8,42.3,39.7,38.3,41.9,80.5,40.8,41.8,42.6
1963,9,42.7,40,38.6,42.1,80.5,41.2,41.9,43.4
1963,10,43,40.4,39,42.3,80,41.5,42.3,43.7
1963,11,43.2,40.5,39.2,42.4,80.5,41.9,42.5,43.9
1963,12,43.1,40.5,39.2,42.5,80.4,42,42.5,43.7
1964,1,43.5,40.8,39.5,42.9,81.5,42.7,42.9,44
1964,2,43.8,41.1,39.7,43.1,82,42.8,42.9,44.7
1964,3,43.8,41.1,39.8,43,81.7,43.1,42.9,44.7
1964,4,44.5,41.8,40.4,44,81.7,43.8,43.8,45.2
1964,5,44.8,42,40.5,44.3,82.1,44.1,43.9,45.6
1964,6,44.9,42.1,40.6,44.1,82.6,44.6,43.9,45.9
1964,7,45.2,42.4,41.1,44.5,82,45,44.4,46
1964,8,45.5,42.7,41.4,44.6,82.6,45,44.3,46.9
1964,9,45.6,42.9,41.8,44.6,83.2,45.1,44.1,47.6
1964,10,45,42.3,40.5,44.9,83.4,45.2,43.7,46.8
1964,11,46.4,43.5,42.5,45.1,84.7,45.1,45,48.2
1964,12,46.9,44.3,43.5,45.5,83.6,45.7,45.5,48.8
1965,1,47.5,44.8,43.9,46.2,84,45.5,46,49.4
1965,2,47.7,45.1,44.4,46.3,84,45.8,46.4,49.5
1965,3,48.4,45.7,45.1,46.5,84.7,46.3,47,50.3
1965,4,48.6,45.9,45.5,46.5,84.6,47,47,50.8
1965,5,49,46.3,46,46.8,84.6,46.7,47.5,51
1965,6,49.3,46.6,46.4,46.9,85.6,47,47.7,51.6
1965,7,49.8,47.3,47.3,47.2,85.5,46.6,48.1,52.1
1965,8,50,47.3,47.3,47.4,86.4,46.9,48.1,52.6
1965,9,50.2,47.4,47.4,47.6,84.6,47.8,48.6,52.2
1965,10,50.7,47.8,47.8,48,87.6,48.5,49.1,52.7
1965,11,50.9,48,47.9,48.2,87.4,48.2,49.5,52.5
1965,12,51.5,48.8,49,48.5,88.2,48.4,50.2,53.1
1966,1,52,49.3,49.6,48.9,88.6,48.5,50.6,53.8
1966,2,52.3,49.6,50,49,88.3,49.2,50.7,54.4
1966,3,53.1,50.3,50.7,49.7,90.4,49.4,51.3,55.4
1966,4,53.1,50.5,51.3,49.5,87.2,49.7,51.5,55.3
1966,5,53.6,50.9,51.5,50,90.1,50,51.9,55.9
1966,6,53.9,51.1,51.8,50.2,90.4,50.7,52.2,56.3
1966,7,54.2,51.4,52,50.6,90.6,51.5,52.5,56.4
1966,8,54.2,51.5,52.1,50.6,91,51.7,52.4,56.9
1966,9,54.7,51.9,52.7,50.7,91,51.6,52.7,57.4
1966,10,55.1,52.4,53.4,50.8,91.4,51.5,53.2,57.7
1966,11,54.7,51.8,52.5,51,91.6,52,53.1,56.8
1966,12,54.9,52.1,52.8,51.1,92.2,52.1,53.3,56.8
1967,1,55.1,52.2,52.6,51.7,92.1,51.9,53.9,56.6
1967,2,54.5,51.6,52,51.1,91,52,53.5,55.5
1967,3,54.2,51.4,51.7,50.9,90.3,51.6,53.7,54.5
1967,4,54.7,51.7,51.8,51.6,91.4,53.7,54.2,55
1967,5,54.2,51.3,51.9,50.6,90.4,53.2,53.8,54.4
1967,6,54.2,51.3,51.6,50.8,91.2,52.7,53.8,54.3
1967,7,54.1,51.1,51.4,50.6,94.1,53,53.7,54.3
1967,8,55.1,52,52.1,51.9,94.7,52.2,54.3,55.9
1967,9,55,52,51.9,52.2,93,52.6,54.4,55.5
1967,10,55.5,52.5,52.2,52.7,92.5,54.9,54.7,56.2
1967,11,56.3,53.4,53.6,53.2,91.7,54.9,55.6,56.9
1967,12,56.9,54,54.1,53.7,91,56,56.1,57.6
1968,1,56.8,53.8,54.1,53.5,91.8,55.8,55.8,57.9
1968,2,57,54.1,54.2,53.8,93.3,55.5,56.2,57.9
1968,3,57.2,54.2,54,54.3,94.1,56.4,56.3,58.1
1968,4,57.3,54.2,54.1,54.2,95.4,56.5,56.2,58.5
1968,5,57.9,54.9,54.9,54.8,96.3,57.1,56.6,59.4
1968,6,58.2,55,55,54.9,96.2,57.8,56.8,59.7
1968,7,58.1,54.8,54.7,54.9,97.9,57.1,56.6,59.7
1968,8,58.2,55.1,54.7,55.6,97.1,57.6,57.2,59.3
1968,9,58.4,55.1,54.6,55.9,96.6,58.5,57.4,59.5
1968,10,58.6,55.5,55.1,56,93.9,58.4,57.5,59.6
1968,11,59.3,56.3,55.9,56.7,96.4,58.8,58.1,60.5
1968,12,59.5,56.3,56.3,56.2,96.5,60.8,58.3,60.8
1969,1,59.9,56.6,56.6,56.7,96.6,60.4,58.6,61.1
1969,2,60.3,57.1,56.8,57.4,96.5,60.9,58.8,61.8
1969,3,60.7,57.5,57.2,57.9,97,61.5,59.4,62.1
1969,4,60.5,57.3,57.1,57.6,97.7,61.2,58.9,62.3
1969,5,60.3,57,56.5,57.8,99,61.3,58.7,62.1
1969,6,60.9,57.4,57.1,57.9,101.8,62.4,59.1,63
1969,7,61.2,57.8,57.3,58.6,99.5,63.4,59.6,63
1969,8,61.3,57.9,57.5,58.5,99.2,63.7,59.4,63.6
1969,9,61.3,57.8,57.5,58.2,100.3,63.1,59.3,63.8
1969,10,61.3,57.9,57.7,58.2,100.4,63.6,59.3,63.8
1969,11,60.7,57.3,56.6,58.3,100.8,64.5,58.6,63.5
1969,12,60.6,57,55.9,58.5,102.1,64.6,58.6,63.1
1970,1,59.5,55.7,54,58.1,101.3,64.7,57.7,61.6
1970,2,59.4,55.8,54,58.3,100.4,64.7,57.9,61.3
1970,3,59.3,55.6,54,57.9,100.6,65.6,57.8,61.1
1970,4,59.2,55.4,53.6,58,100.7,65.9,57.8,60.7
1970,5,59.1,55.3,53.5,57.9,100.8,67.2,57.9,60.5
1970,6,58.9,55.1,53.2,57.8,100.6,65.8,57.7,60.2
1970,7,59.1,55.3,53.2,58.3,99.5,66.8,57.8,60.5
1970,8,59,54.9,53.1,57.6,101.8,67.6,57.2,61.3
1970,9,58.6,54.4,52.1,57.9,103.1,68,56.8,60.9
1970,10,57.4,53.2,50,57.9,104.6,66.9,55.9,59.2
1970,11,57,52.9,49.6,57.7,104.7,67.2,55.5,58.9
1970,12,58.4,54.3,51.6,58.2,103.9,67.1,56.8,60.2
1971,1,58.8,54.7,52,58.7,102.4,68.7,57,61.1
1971,2,58.7,54.8,52.1,58.6,101,68.3,57.1,60.7
1971,3,58.6,54.7,51.9,58.6,101.5,68.9,56.9,60.8
1971,4,59,54.9,51.9,59.3,102,69.1,57.2,61.2
1971,5,59.3,55.3,52.6,59.3,101.9,69.7,57.3,61.9
1971,6,59.5,55.5,52.4,59.9,101.5,70.3,57.5,62.2
1971,7,59.3,55.5,52.1,60.5,98.2,70,58.1,60.7
1971,8,59,54.9,51,60.5,99.4,69.5,57.8,60.4
1971,9,60,56,52.4,61.2,99.1,70,58.6,61.5
1971,10,60.4,56.8,53.3,61.9,90.3,71.1,59.2,61.7
1971,11,60.7,57,53.4,62.3,94,70.2,59.6,61.8
1971,12,61.4,57.6,53.9,62.9,100,69.9,59.9,63.1
1972,1,62.7,58.9,55.5,63.9,100.3,71.7,61,64.9
1972,2,63.2,59.4,56.1,64,100.1,73,61.5,65.1
1972,3,63.7,59.9,56.6,64.6,100.7,73,61.9,65.7
1972,4,64.7,60.9,57.7,65.4,102,74.4,62.9,66.8
1972,5,64.5,60.7,57.7,65.1,100.5,73.1,62.6,66.9
1972,6,64.7,60.9,57.7,65.6,101.1,73,62.9,66.9
1972,7,64.6,60.9,57.9,65.4,101.7,73.1,62.8,67
1972,8,65.5,61.8,58.6,66.3,101.4,74,63.6,68
1972,9,66.2,62.3,59.4,66.4,102.7,74.5,64.2,68.9
1972,10,67.2,63.3,60.8,66.9,102.4,76.1,65,70
1972,11,68,64.1,61.9,67.2,101.9,76.7,65.7,70.9
1972,12,68.6,64.9,62.6,68,101.4,76.8,66.3,71.8
1973,1,68.7,65,63.2,67.5,101.3,76.1,66.3,71.9
1973,2,69.7,65.9,64.2,68.2,101.9,77.4,67.2,72.8
1973,3,69.6,66.1,64.2,68.6,100.3,75.5,67.2,72.7
1973,4,69.9,66.3,64.4,68.7,100.1,76.4,67.4,73.2
1973,5,70.2,66.5,64.8,68.8,100.8,76.6,67.6,73.6
1973,6,70.7,67,65.5,68.9,101.8,77.7,68.1,74.2
1973,7,71.2,67.3,65.8,69.3,103.4,77.9,68.3,75
1973,8,71.1,67.4,65.7,69.6,103.6,77.6,68.2,75.1
1973,9,71.7,67.8,66.5,69.4,103.3,79.6,69.1,75
1973,10,71.9,68.2,66.8,70,103.5,78.1,69.2,75.6
1973,11,72,68.3,67.1,69.9,103.4,76.7,69.2,75.7
1973,12,70.8,67.1,65.7,68.8,103.8,74.5,67.8,75.1
1974,1,69.8,66.3,64.3,68.9,103,74.5,66.9,74
1974,2,69.6,66,63.9,68.9,103.4,74,66.7,73.5
1974,3,69.9,66.3,63.9,69.7,102.7,75.4,67.3,73.4
1974,4,69.8,66,63.8,69,102.6,75.9,67.5,72.7
1974,5,70.6,66.8,64.9,69.5,103.5,77.5,68.1,73.9
1974,6,70.8,67.1,65.2,69.6,102.4,77.8,68.4,73.9
1974,7,70.5,66.7,64.7,69.5,103.6,75.4,68,73.8
1974,8,70.2,66.7,64.7,69.4,100.7,76.7,67.8,73.4
1974,9,70.5,66.8,65,69.1,102,77.3,68.1,73.7
1974,10,70,66.2,64.6,68.3,103.2,77,67.6,73.1
1974,11,68,64.4,62.8,66.5,96.8,75.8,66.4,69.8
1974,12,65.2,61.3,59.5,63.8,97.1,75.9,64.1,66.1
1975,1,63.5,59.5,57.5,62.2,101.3,74.5,62.2,64.7
1975,2,62.5,58.3,56,61.5,101.1,75.6,61.7,62.8
1975,3,61.3,57,54.9,59.9,99.9,77.6,60.9,61.2
1975,4,61.9,57.6,55.1,61.2,99.2,78.7,61.5,61.6
1975,5,61.7,57.5,54.6,61.7,98.7,76.3,61.5,61.1
1975,6,62.5,58.4,54.6,63.8,100,76.7,62.3,62
1975,7,62.9,58.9,54.9,64.8,97.9,76.6,62.8,62.1
1975,8,64,59.9,56,65.7,98.3,77.9,63.4,64.1
1975,9,64.7,60.7,56.7,66.6,98.2,77.4,63.7,65.3
1975,10,65,61.1,57,67.2,99.2,76.3,63.8,66
1975,11,65.6,61.6,57.4,67.9,100.2,77.5,64.4,66.7
1975,12,66.1,62.2,58.1,68.4,99.9,76.7,64.8,67.5
1976,1,66.8,62.9,58.9,68.8,100.3,78.4,65.4,68.4
1976,2,68,64.3,60.5,70,99.8,77.1,66.6,69.4
1976,3,67.9,64.1,60.3,69.6,99,78,66.3,69.7
1976,4,68.1,64.3,60.6,69.7,98.8,78.9,66.3,70.2
1976,5,68.9,65.1,61.8,69.9,100.1,79.3,67.1,71
1976,6,69,65,61.6,70,100,79.3,67,71.3
1976,7,69.4,65.6,62.3,70.6,99.3,79.7,67.6,71.5
1976,8,69.8,65.9,63,70.2,99.8,79.8,67.8,72.1
1976,9,70,66.2,62.3,71.8,101.6,79.5,68,72.4
1976,10,70.2,66.4,62.4,72.4,101.5,80.8,68.4,72.4
1976,11,71.4,67.3,63.8,72.5,101.6,84,69.8,73.1
1976,12,72,68,64.5,73.1,101.6,83.9,70.4,73.7
1977,1,72.4,68.5,64.9,73.8,100.3,83,70.9,73.8
1977,2,72.4,68.7,65.2,73.7,102.1,79.9,70.6,74.5
1977,3,73.3,69.6,65.9,74.9,103.6,78.8,71.2,75.8
1977,4,74.3,70.6,67.3,75.3,104.4,79.9,72.3,76.5
1977,5,75,71.2,67.9,76,104.7,81.9,72.9,77.5
1977,6,75.6,71.8,68.6,76.3,105.4,82.7,73.5,78
1977,7,75.6,71.8,68.9,75.9,104.5,83.7,73.8,77.7
1977,8,75.9,72.4,69.4,76.7,101.9,83.1,74.3,77.8
1977,9,76.3,72.5,69.8,76.2,106.8,82.8,74.5,78.4
1977,10,76.2,72.4,69.7,76.2,105.5,83,74.4,78.2
1977,11,76.2,72.5,69.5,76.8,105,81.9,74.5,78.2
1977,12,75.9,72.8,70.2,76.5,96.8,82.8,75,76.7
1978,1,75.7,72.6,69.5,77,96,83,74.4,76.9
1978,2,75.7,72.6,69.5,76.9,95.9,83.5,74.8,76.3
1978,3,76.4,73.1,70.2,77.1,100.3,83.7,75.7,76.9
1978,4,79,75.2,72.6,78.9,109.9,83.6,77.5,80.7
1978,5,79.1,75.3,72.7,78.8,109.4,84.5,77.2,81.1
1978,6,79.9,76.2,73.6,79.8,110,84.7,78.5,81.5
1978,7,80.2,76.4,74.3,79.4,110.4,84.5,78.5,82
1978,8,80.4,76.8,74.9,79.3,109.3,84.5,78.7,82.2
1978,9,80.8,77.2,75.4,79.7,109,85.3,79.1,82.7
1978,10,81.2,77.6,76,79.6,109.9,85.5,79.2,83.4
1978,11,81.7,78.2,76.8,80.1,109.4,84.9,79.8,83.7
1978,12,82,78.6,77.4,80.2,108.7,85.3,80.1,84.1
1979,1,81.6,78.3,77.4,79.4,106.7,85.5,80.1,83.1
1979,2,82.2,78.9,78.2,79.6,106.4,88.5,80.5,84
1979,3,82.4,79.2,78.5,80,106.2,87.8,80.7,84.3
1979,4,81.6,78,76.5,80,108.2,89.3,79.6,83.9
1979,5,82.6,79.2,78.3,80.3,107.7,88.6,80.8,84.5
1979,6,82.6,79.3,78.7,80,108,86.7,80.6,84.8
1979,7,82,78.9,78,80,106.4,85.2,80.1,84.2
1979,8,81.7,78.1,76.8,79.8,109.2,85.9,79.7,83.9
1979,9,81.7,78.1,77.1,79.4,110.1,85.8,79.9,83.7
1979,10,82.1,78.5,77.2,80.2,110,86.2,80.4,83.9
1979,11,81.7,77.9,76.4,79.9,110.6,86.8,79.9,83.5
1979,12,81.5,77.8,76.3,79.9,109.9,86,79.9,83.2
1980,1,81.9,78,76.1,80.5,113.9,84.2,79.7,84.4
1980,2,81.9,78.2,76.7,80,112,85.2,80.4,83.6
1980,3,81.9,77.9,76.5,79.6,113,87.8,80.4,83.5
1980,4,80.3,76.2,74.5,78.6,111.7,86.1,78.9,81.8
1980,5,78.3,73.9,71.7,76.8,112.4,85.6,77.4,79.2
1980,6,77.3,72.8,70.3,76.2,111.5,86,77,77.4
1980,7,76.8,72.2,69.6,75.9,109.8,88.1,77.2,76
1980,8,77.7,73.4,70.9,76.9,108.5,88.8,78.2,76.8
1980,9,78.9,74.5,71.9,78.2,110.5,89.3,78.9,78.5
1980,10,79.5,75.4,73.2,78.4,109.7,88.8,79.3,79.3
1980,11,80.7,76.7,75,78.8,111.4,89.3,79.9,81.4
1980,12,81.1,76.9,74.9,79.5,113.6,88.9,80.1,82
1981,1,80.4,76.4,74.2,79.4,113,84.6,79.6,81.1
1981,2,80.8,76.9,74.7,79.8,114.1,83,80.2,81.3
1981,3,81.2,77.1,75.1,79.8,115.2,84.1,80.4,81.9
1981,4,80.6,77.2,75.2,79.9,109.6,82.9,80.5,80.5
1981,5,81.3,77.8,76,80.2,110.3,85.2,81.2,81.1
1981,6,81.8,77.7,75.9,80,115,86.6,81.2,82.3
1981,7,82.6,78.2,76.3,80.7,117.8,86.9,81.6,83.4
1981,8,82.2,77.5,75.8,79.9,119.4,85.6,81,83.4
1981,9,81.5,76.9,74.9,79.7,118.6,84.5,80.5,82.5
1981,10,80.9,76.1,74.1,78.7,118.7,85.6,80.2,81.5
1981,11,79.8,74.9,72.4,78.3,117.3,85.2,79.5,79.8
1981,12,78.9,73.7,71.1,77.3,117.7,85.5,79.1,78.3
1982,1,77.6,72.2,68.8,76.9,116.8,86.3,78.1,76.7
1982,2,79.3,74.3,71.1,78.7,117.7,84.2,80,78.1
1982,3,78.7,73.8,70.6,78.3,116.8,83.8,79.5,77.5
1982,4,78,73.1,69.9,77.6,115.1,83.8,78.9,76.5
1982,5,77.4,72.8,69.6,77.4,113.1,82,78.4,75.9
1982,6,77.1,72.8,69.5,77.5,111.1,81.6,78.2,75.5
1982,7,76.5,72.2,68.8,77,109.7,81.6,77.7,74.7
1982,8,76.1,71.9,67.7,77.8,108.4,81.8,77.2,74.4
1982,9,75.5,71.5,67,77.9,106.9,80.7,76.7,73.8
1982,10,74.9,70.7,65.6,78,107,81.1,76,73.3
1982,11,74.7,70.5,65.2,77.9,106.4,81.7,75.9,72.9
1982,12,74.1,70,65.1,77,105.9,79.2,75.7,71.9
1983,1,75.7,71.8,66.8,78.9,107.1,79.4,76.7,74.1
1983,2,75.5,72.1,67.4,78.8,104.4,77.6,76.5,74
1983,3,76.2,73.1,68.6,79.6,103.1,78.7,77.1,75
1983,4,77.2,74,69.5,80.3,104.2,81.1,78,75.9
1983,5,78.1,75,70.5,81.4,104,82.7,78.8,77
1983,6,78.6,75.6,71.2,81.9,104.1,81.8,79.6,77
1983,7,80,76.7,72.7,82.4,106.2,85.5,80.5,79
1983,8,81,77.6,73.6,83.2,107.9,88,81.6,80.1
1983,9,82.4,79.3,75.7,84.4,109.1,86.2,83.2,81.2
1983,10,83.1,79.8,76.6,84.3,110.4,87.4,83.3,82.5
1983,11,83,80.1,77,84.3,109.8,84.5,83.4,82.2
1983,12,83.4,80,77.5,83.5,109,91.9,84.2,82.1
1984,1,85.1,82,80.1,84.6,112.9,88,85.4,84.6
1984,2,85,82.4,80.5,85.1,111.6,83.3,85.3,84.4
1984,3,85.9,83,81.3,85.4,112.3,88.5,85.9,85.7
1984,4,86.4,83.4,81.9,85.5,113.7,88.3,86.5,86
1984,5,86.9,83.7,82.4,85.6,115.6,88.8,86.8,86.7
1984,6,87.3,84.3,83,86,116,87.5,87.5,86.7
1984,7,87.5,84.5,83.6,85.8,117,85.8,87.8,86.8
1984,8,87.5,84.6,84.2,85.2,115.6,86.8,87.5,87.1
1984,9,87.3,84.4,83.9,85.2,116.1,86.3,87.4,87
1984,10,86.9,84.5,83.8,85.4,112.3,86,87.6,85.8
1984,11,87,84.5,83.9,85.4,112,86.4,87.9,85.5
1984,12,86.6,84.3,83.8,85,111.2,85,87.5,85.2
1985,1,86.9,84.4,84.1,84.7,110,89.8,87.6,85.7
1985,2,87.7,84.9,84.6,85.2,112.1,91.5,88.3,86.6
1985,3,87.9,85.4,85.2,85.7,112.1,88.7,88.7,86.6
1985,4,88,85.6,85.5,85.7,112.1,89.1,88.9,86.6
1985,5,88.2,86,85.7,86.3,112.1,87.2,89.6,86.2
1985,6,88,85.7,85.6,86,112.2,86.9,89.3,86.1
1985,7,87.6,85.4,85.4,85.5,110.7,87.4,88.8,85.9
1985,8,88.2,86.1,86.2,86.1,110,87.2,89.6,86
1985,9,88.7,86.4,86,87,110.8,89.7,90.1,86.6
1985,10,87.9,85.7,85.3,86.4,109.8,88.5,89.2,86
1985,11,88.4,86.7,86.7,86.7,108.1,87.3,90.1,86
1985,12,89,86.6,86.5,86.8,111.2,92,90.3,87.1
1986,1,89.6,87.9,87.4,88.4,111,86.9,91.4,87
1986,2,89,87.4,87,88,108.8,86.3,90.4,86.8
1986,3,88.1,86.6,86.3,87,106.5,85.7,89.6,85.9
1986,4,88.7,87.8,87.3,88.6,103.3,85.3,90.7,86
1986,5,88.6,87.7,87.1,88.6,102.2,85.4,90.3,86
1986,6,88.2,87.5,86.4,88.9,100.7,85.9,90,85.7
1986,7,88.5,87.7,86.9,88.8,100.6,87,90.4,85.8
1986,8,88.8,88.2,87.3,89.5,99.7,85.5,90.7,86
1986,9,88.7,88.2,87.8,88.9,98.2,85.8,90.7,85.8
1986,10,89.5,88.9,87.9,90.3,99.4,87.3,91.6,86.5
1986,11,89.9,89.3,88.2,90.6,100.6,88,91.9,87.2
1986,12,90.8,90.3,89.1,91.8,100,87.9,93.1,87.5
1987,1,90.2,89.6,88.5,91,100.6,87.6,92.1,87.4
1987,2,91.2,91,90.2,92,100.5,86.2,93.3,88.2
1987,3,91.6,91.2,90.2,92.4,100.4,88.4,93.7,88.5
1987,4,92,91.6,90.8,92.8,100.5,88.2,93.9,89.1
1987,5,92.4,91.9,90.8,93.3,100.9,89.8,94.3,89.5
1987,6,93.2,92.8,91.9,94.1,101,89.9,95.3,90.1
1987,7,93.7,93.4,92.1,95.2,100.4,90.9,95.7,90.9
1987,8,93.8,93.3,92.2,94.7,103.1,91.7,95.8,91
1987,9,93.7,93.4,92.4,94.6,103.1,89.3,95.6,91.1
1987,10,95,94.6,94.6,94.8,104.3,91.1,96.8,92.4
1987,11,95.3,95.1,94.9,95.3,105,89.4,96.9,92.9
1987,12,95.9,95.6,95.6,95.8,105.3,90.1,97.2,93.8
1988,1,95.9,95.4,95.6,95.3,104.1,94,97.7,93.4
1988,2,96.2,95.8,95.9,95.8,104.4,93.9,98.1,93.6
1988,3,96.3,95.7,95.8,95.7,105.6,93.9,97.9,93.9
1988,4,96.8,96.7,97.2,96.2,104.7,91.4,98.6,94.2
1988,5,96.9,96.6,97.7,95.3,105.6,92.7,98.5,94.5
1988,6,97,96.6,97.8,95.1,105.6,93.5,98.3,94.9
1988,7,97.6,97.3,98.4,96,105.2,94.7,98.9,95.7
1988,8,98.1,97.5,98.5,96.4,105.7,98,99.6,95.9
1988,9,97.8,97.7,99.3,96,104,93,99.3,95.5
1988,10,98,97.9,99.3,96.4,104,93.9,99.6,95.7
1988,11,98.8,98.9,100.7,96.7,103.7,93.6,100.2,96.6
1988,12,99.3,99.4,101.2,97.4,103.9,93.7,100.8,97
1989,1,99.8,100.3,102.4,97.9,103.4,91.7,101.4,97.5
1989,2,99,99.1,101,97,101.9,95.6,100.5,96.9
1989,3,100,99.9,101.3,98.4,102.3,98.4,101.5,97.7
1989,4,100.2,100,101.9,97.9,104.9,98,101.8,97.9
1989,5,99.6,99.4,101,97.6,104.8,97.2,100.9,97.6
1989,6,99.4,99.4,101.1,97.5,103.4,96,101.1,97
1989,7,98.4,98.3,100,96.5,102.8,95.6,99.7,96.5
1989,8,98.8,98.7,100.4,96.8,103.8,96.1,100.2,96.8
1989,9,98.6,98.4,100.1,96.5,103.7,96.6,100.2,96.3
1989,10,98.2,97.8,98.4,97.3,102.8,97.6,99.3,96.5
1989,11,98.6,98.2,98.7,97.7,103.5,98.1,99.9,96.6
1989,12,99,98.3,99.6,96.9,101.2,104.8,100.9,96.3
1990,1,98.6,98.1,98,98.2,105.2,97.3,100.2,96.2
1990,2,99.1,99,99.4,98.6,104.6,94.8,100.6,96.9
1990,3,99.6,99.3,100.2,98.4,104.4,97.6,101.1,97.3
1990,4,99,98.6,99.2,97.8,104.9,97.9,100,97.4
1990,5,99.4,99,99.9,97.9,104.7,98.6,100.5,97.6
1990,6,99.3,98.9,100,97.6,104.5,99.8,100.3,97.8
1990,7,99.3,98.8,99.8,97.8,104.9,99,100.4,97.7
1990,8,99.5,99.1,100.1,98,104.4,99.3,100.4,98
1990,9,99.6,99,100.1,97.9,105.4,100.6,100.6,98
1990,10,99.1,98.4,99.1,97.8,105.9,99.5,100,97.6
1990,11,97.7,97.2,96.8,97.5,105.1,97.3,98.7,96.4
1990,12,97.2,96.6,95.7,97.5,103.7,97.8,98.2,95.6
1991,1,96.7,95.8,94.7,96.9,104,100.4,97.6,95.3
1991,2,95.9,95.1,93.9,96.4,105.3,97,96.8,94.6
1991,3,95,94.1,93.1,95.1,104.1,97.6,96,93.5
1991,4,95.4,94.4,93.7,95.2,103.5,98.9,96.4,93.8
1991,5,96.1,95,94,96.2,103,102.2,97.1,94.6
1991,6,97.2,96.3,95.7,97,103,102.1,98.5,95.3
1991,7,97.3,96.6,95.9,97.3,101.8,101.7,97.9,96.4
1991,8,97.4,96.8,96.1,97.5,101.4,101.5,97.7,97.1
1991,9,98.4,97.8,97.5,98.2,101.6,101.4,98.9,97.5
1991,10,98.3,97.8,97.3,98.3,101.5,100.9,98.5,97.9
1991,11,98.1,97.6,97.4,97.7,100.8,102.3,98.5,97.5
1991,12,97.5,97.1,96.5,97.7,100.9,99.3,97.7,97.2
1992,1,97.7,97.4,96.5,98.5,100.4,98.4,97.5,98
1992,2,98.3,98.1,97.9,98.3,99.4,98.9,98.3,98.2
1992,3,99,98.9,98.5,99.4,99.5,99.2,98.9,99
1992,4,99.8,99.6,99.4,99.8,100.5,100.6,99.9,99.6
1992,5,100,100,100.3,99.6,100.5,99.6,100,99.9
1992,6,99.7,99.8,99.8,99.8,99.6,98,99.3,100.3
1992,7,100.3,100.5,100.4,100.6,100.8,98.7,100.1,100.6
1992,8,100,100.2,100.2,100.2,99.2,98.6,100.2,99.7
1992,9,100.5,100.6,100.5,100.6,99.8,99.9,100.4,100.5
1992,10,101.2,101.3,101.6,100.9,100.2,101.5,101.4,101
1992,11,101.8,101.9,102.3,101.4,100.1,102.3,101.9,101.6
1992,12,101.8,101.7,102.6,100.8,100,104.3,102.1,101.5
1993,1,102.4,102.7,103.8,101.5,100,100.8,102.5,102.2
1993,2,102.8,102.9,104.1,101.6,99.6,104.5,102.7,103
1993,3,102.9,103,104.5,101.4,99.1,105.2,102.8,103.2
1993,4,103.3,103.6,105.3,101.8,99.2,103.5,103,103.8
1993,5,102.7,103.1,105,101.1,99.3,101.1,102.6,103
1993,6,102.9,103.1,104.8,101.3,100.4,102.9,102.3,103.9
1993,7,103.3,103.5,104.9,102,99.2,104.6,103.2,103.5
1993,8,103.1,103.2,104.4,101.9,99.3,105.4,103,103.3
1993,9,104.1,104.4,106.4,102.2,100.3,104.6,103.9,104.6
1993,10,104.4,104.6,107.3,101.7,101.8,104.4,103.9,105.3
1993,11,104.9,105.2,108,102.1,101.8,104.7,104.1,106.1
1993,12,105.7,106,109.4,102.4,101.9,105,104.7,107.3